{
    "1tqn": {
        "comment": "Helix info obtained by mixed method (for helices: geometrical method with RMSD limit 1 A (accepted types: H) with further division using geometrical method with RMSD limit 1 A (accepted types: H), for sheets: hydrogen-bond-based method (similar to DSSP).",
        "software": "SecStrAnnotator 2.2 [2020-06-17]",
        "args": "examples/ 2nnj,A 1tqn,A,:",
        "found": 37,
        "secondary_structure_elements": [
            { "label": "H0", "chain_id": "A", "start": 9, "end": 15, "type": "H" },
            { "label": "B1", "chain_id": "A", "start": 23, "end": 23, "type": "B", "sheet_id": 1 },
            { "label": "B2", "chain_id": "A", "start": 27, "end": 27, "type": "B", "sheet_id": 1 },
            { "label": "G3", "chain_id": "A", "start": 29, "end": 32, "type": "G" },
            { "label": "H4", "chain_id": "A", "start": 36, "end": 47, "type": "H" },
            { "label": "E5", "chain_id": "A", "start": 50, "end": 55, "type": "E", "sheet_id": 1 },
            { "label": "E6", "chain_id": "A", "start": 58, "end": 63, "type": "E", "sheet_id": 1 },
            { "label": "h7", "chain_id": "A", "start": 66, "end": 76, "type": "h" },
            { "label": "B8", "chain_id": "A", "start": 83, "end": 83, "type": "B", "sheet_id": 1 },
            { "label": "G9", "chain_id": "A", "start": 91, "end": 95, "type": "G" },
            { "label": "h10", "chain_id": "A", "start": 102, "end": 116, "type": "h" },
            { "label": "h11", "chain_id": "A", "start": 118, "end": 145, "type": "h" },
            { "label": "E12", "chain_id": "A", "start": 149, "end": 150, "type": "E", "sheet_id": 2 },
            { "label": "H13", "chain_id": "A", "start": 151, "end": 167, "type": "H" },
            { "label": "G14", "chain_id": "A", "start": 174, "end": 177, "type": "G" },
            { "label": "h15", "chain_id": "A", "start": 181, "end": 189, "type": "h" },
            { "label": "H16", "chain_id": "A", "start": 197, "end": 205, "type": "H" },
            { "label": "h17", "chain_id": "A", "start": 206, "end": 215, "type": "h" },
            { "label": "h18", "chain_id": "A", "start": 222, "end": 242, "type": "h" },
            { "label": "H19", "chain_id": "A", "start": 250, "end": 259, "type": "H" },
            { "label": "H20", "chain_id": "A", "start": 271, "end": 303, "type": "H" },
            { "label": "H21", "chain_id": "A", "start": 304, "end": 318, "type": "H" },
            { "label": "H22", "chain_id": "A", "start": 326, "end": 331, "type": "H" },
            { "label": "H23", "chain_id": "A", "start": 333, "end": 346, "type": "H" },
            { "label": "E24", "chain_id": "A", "start": 352, "end": 355, "type": "E", "sheet_id": 1 },
            { "label": "E25", "chain_id": "A", "start": 360, "end": 362, "type": "E", "sheet_id": 3 },
            { "label": "E26", "chain_id": "A", "start": 365, "end": 367, "type": "E", "sheet_id": 3 },
            { "label": "E27", "chain_id": "A", "start": 372, "end": 375, "type": "E", "sheet_id": 1 },
            { "label": "h28", "chain_id": "A", "start": 377, "end": 382, "type": "h" },
            { "label": "G29", "chain_id": "A", "start": 395, "end": 398, "type": "G" },
            { "label": "G30", "chain_id": "A", "start": 400, "end": 405, "type": "G" },
            { "label": "H31", "chain_id": "A", "start": 424, "end": 441, "type": "H" },
            { "label": "E32", "chain_id": "A", "start": 442, "end": 445, "type": "E", "sheet_id": 4 },
            { "label": "B33", "chain_id": "A", "start": 456, "end": 456, "type": "B", "sheet_id": 5 },
            { "label": "B34", "chain_id": "A", "start": 464, "end": 464, "type": "B", "sheet_id": 5 },
            { "label": "E35", "chain_id": "A", "start": 469, "end": 470, "type": "E", "sheet_id": 2 },
            { "label": "E36", "chain_id": "A", "start": 471, "end": 474, "type": "E", "sheet_id": 4 }
        ],
        "beta_connectivity": [
            [ "B1", "B2", -1 ],
            [ "B2", "E5", -1 ],
            [ "E5", "E6", -1 ],
            [ "E6", "E27", 1 ],
            [ "B8", "E24", -1 ],
            [ "E12", "E35", -1 ],
            [ "E24", "E27", -1 ],
            [ "E25", "E26", -1 ],
            [ "E32", "E36", -1 ],
            [ "B33", "B34", -1 ]
        ]
    }
}
