{
    "1tqn": {
        "comment": "Automatic annotation for 1tqn based on 2nnj template. Total value of used metric: 178.21",
        "software": "SecStrAnnotator 2.2 [2020-06-17]",
        "args": "examples/ 2nnj,A 1tqn,A,:",
        "found": 30,
        "total_metric_value": 178.214,
        "secondary_structure_elements": [
            { "label": "A'", "chain_id": "A", "start": 29, "end": 32, "type": "G", "color": "s121", "start_vector": [ 39.824, 11.107, -5.353 ], "end_vector": [ 34.702, 14.14, -10.061 ], "metric_value": 8.544, "sequence": "ILSY" },
            { "label": "A", "chain_id": "A", "start": 36, "end": 47, "type": "H", "color": "s143", "start_vector": [ 36.708, 18.808, -15.372 ], "end_vector": [ 39.57, 29.416, -1.419 ], "metric_value": 2.979, "sequence": "FCMFDMECHKKY" },
            { "label": "B", "chain_id": "A", "start": 66, "end": 76, "type": "h", "color": "s208", "start_vector": [ 51.655, 34.667, -9.408 ], "end_vector": [ 62.603, 26.961, -15.699 ], "metric_value": 3.831, "sequence": "PDMIKTVLVKE" },
            { "label": "B'", "chain_id": "A", "start": 91, "end": 95, "type": "G", "color": "s251", "start_vector": [ 56.915, 2.442, -26.367 ], "end_vector": [ 60.771, 10.441, -26.158 ], "metric_value": 16.263, "sequence": "GFMKS" },
            { "label": "C", "chain_id": "A", "start": 102, "end": 116, "type": "h", "color": "s294", "start_vector": [ 67.791, 14.541, -20.306 ], "end_vector": [ 62.564, 24.914, -38.072 ], "metric_value": 1.673, "sequence": "DEEWKRLRSLLSPTF" },
            { "label": "D", "chain_id": "A", "start": 118, "end": 145, "type": "h", "color": "s316", "start_vector": [ 60.909, 28.269, -42.566 ], "end_vector": [ 22.478, 19.925, -52.064 ], "metric_value": 13.922, "sequence": "SGKLKEMVPIIAQYGDVLVRNLRREAET" },
            { "label": "E", "chain_id": "A", "start": 151, "end": 167, "type": "H", "color": "s359", "start_vector": [ 30.577, 18.271, -36.624 ], "end_vector": [ 54.673, 16.327, -45.483 ], "metric_value": 2.487, "sequence": "LKDVFGAYSMDVITSTS" },
            { "label": "F", "chain_id": "A", "start": 181, "end": 189, "type": "h", "color": "s381", "start_vector": [ 45.16, 4.647, -45.772 ], "end_vector": [ 43.963, 8.903, -31.6 ], "metric_value": 17.991, "sequence": "PFVENTKKL" },
            { "label": "F'", "chain_id": "A", "start": 197, "end": 205, "type": "H", "color": "s402", "start_vector": [ 39.917, 4.694, -18.363 ], "end_vector": [ 48.172, 3.613, -8.896 ], "metric_value": 3.855, "sequence": "PFFLSITVF" },
            { "label": "G'", "chain_id": "A", "start": 206, "end": 215, "type": "h", "color": "s424", "start_vector": [ 51.05, 1.53, -8.581 ], "end_vector": [ 56.844, -5.583, -22.337 ], "metric_value": 13.511, "sequence": "PFLIPILEVL" },
            { "label": "G", "chain_id": "A", "start": 222, "end": 242, "type": "h", "color": "s445", "start_vector": [ 48.487, -0.494, -32.166 ], "end_vector": [ 67.429, 9.804, -55.004 ], "metric_value": 15.706, "sequence": "REVTNFLRKSVKRMKESRLED" },
            { "label": "H", "chain_id": "A", "start": 250, "end": 259, "type": "H", "color": "s467", "start_vector": [ 57.616, 16.729, -43.314 ], "end_vector": [ 71.963, 15.237, -40.669 ], "metric_value": 6.914, "sequence": "FLQLMIDSQN" },
            { "label": "I", "chain_id": "A", "start": 271, "end": 303, "type": "H", "color": "s532", "start_vector": [ 65.238, 5.052, -33.995 ], "end_vector": [ 25.61, 33.17, -32.288 ], "metric_value": 1.536, "sequence": "DLELVAQSIIFIFAGYETTSSVLSFIMYELATH" },
            { "label": "J", "chain_id": "A", "start": 304, "end": 318, "type": "H", "color": "s554", "start_vector": [ 27.481, 37.945, -32.639 ], "end_vector": [ 41.106, 42.069, -48.612 ], "metric_value": 1.524, "sequence": "PDVQQKLQEEIDAVL" },
            { "label": "J'", "chain_id": "A", "start": 326, "end": 331, "type": "H", "color": "s575", "start_vector": [ 50.852, 35.316, -46.235 ], "end_vector": [ 46.556, 39.644, -38.827 ], "metric_value": 5.708, "sequence": "YDTVLQ" },
            { "label": "K", "chain_id": "A", "start": 333, "end": 346, "type": "H", "color": "s597", "start_vector": [ 41.984, 41.257, -37.567 ], "end_vector": [ 39.417, 28.191, -22.473 ], "metric_value": 1.553, "sequence": "EYLDMVVNETLRLF" },
            { "label": "K'", "chain_id": "A", "start": 377, "end": 382, "type": "h", "color": "s727", "start_vector": [ 43.619, 25.413, -15.483 ], "end_vector": [ 39.319, 33.506, -15.269 ], "metric_value": 2.005, "sequence": "SYALHR" },
            { "label": "K''", "chain_id": "A", "start": 395, "end": 398, "type": "G", "color": "s748", "start_vector": [ 35.353, 40.107, -26.778 ], "end_vector": [ 42.315, 42.809, -26.175 ], "metric_value": 1.791, "sequence": "PERF" },
            { "label": "L", "chain_id": "A", "start": 424, "end": 441, "type": "H", "color": "s770", "start_vector": [ 54.018, 26.318, -32.85 ], "end_vector": [ 31.854, 32.4, -47.752 ], "metric_value": 0.778, "sequence": "MRFALMNMKLALIRVLQN" },
            { "label": "1-1", "chain_id": "A", "start": 50, "end": 55, "type": "E", "sheet_id": 1, "color": "s164", "start_vector": [ 46.743, 28.473, -2.153 ], "end_vector": [ 46.035, 9.985, -5.559 ], "metric_value": 2.5, "sequence": "VWGFYD" },
            { "label": "1-2", "chain_id": "A", "start": 58, "end": 63, "type": "E", "sheet_id": 1, "color": "s186", "start_vector": [ 50.732, 10.507, -4.474 ], "end_vector": [ 48.792, 28.387, -7.988 ], "metric_value": 2.027, "sequence": "QPVLAI" },
            { "label": "1-5", "chain_id": "A", "start": 83, "end": 83, "type": "B", "sheet_id": 1, "color": "s229", "start_vector": [ 60.286, 18.291, -16.06 ], "end_vector": [ 57.964, 17.279, -16.331 ], "metric_value": 5.554, "sequence": "N" },
            { "label": "1-4", "chain_id": "A", "start": 352, "end": 355, "type": "E", "sheet_id": 1, "color": "s640", "start_vector": [ 48.833, 22.402, -17.226 ], "end_vector": [ 58.611, 18.2, -11.119 ], "metric_value": 10.064, "sequence": "LERV" },
            { "label": "2-1", "chain_id": "A", "start": 360, "end": 362, "type": "E", "sheet_id": 2, "color": "s662", "start_vector": [ 63.237, 22.785, -2.755 ], "end_vector": [ 59.705, 30.754, -3.953 ], "metric_value": 2.431, "sequence": "VEI" },
            { "label": "2-2", "chain_id": "A", "start": 365, "end": 367, "type": "E", "sheet_id": 2, "color": "s683", "start_vector": [ 57.56, 29.504, 0.242 ], "end_vector": [ 58.745, 21.062, -1.96 ], "metric_value": 3.004, "sequence": "MFI" },
            { "label": "1-3", "chain_id": "A", "start": 372, "end": 375, "type": "E", "sheet_id": 1, "color": "s705", "start_vector": [ 54.858, 17.899, -7.976 ], "end_vector": [ 47.61, 25.494, -13.284 ], "metric_value": 1.947, "sequence": "VVMI" },
            { "label": "3-3", "chain_id": "A", "start": 442, "end": 445, "type": "E", "sheet_id": 3, "color": "s791", "start_vector": [ 31.014, 31.511, -46.305 ], "end_vector": [ 24.21, 29.28, -36.507 ], "metric_value": 1.6, "sequence": "FSFK" },
            { "label": "4-1", "chain_id": "A", "start": 456, "end": 456, "type": "B", "sheet_id": 4, "color": "s835", "start_vector": [ 29.986, 21.384, -21.379 ], "end_vector": [ 31.086, 19.164, -20.946 ], "metric_value": 12.71, "sequence": "L" },
            { "label": "4-2", "chain_id": "A", "start": 464, "end": 464, "type": "B", "sheet_id": 4, "color": "s878", "start_vector": [ 32.822, 19.583, -25.879 ], "end_vector": [ 30.799, 18.375, -25.264 ], "metric_value": 9.028, "sequence": "P" },
            { "label": "3-2", "chain_id": "A", "start": 471, "end": 474, "type": "E", "sheet_id": 3, "color": "s900", "start_vector": [ 24.529, 24.337, -39.059 ], "end_vector": [ 27.041, 31.16, -48.828 ], "metric_value": 4.778, "sequence": "KVES" }
        ],
        "beta_connectivity": [
            [ "1-1", "1-2", -1 ],
            [ "1-2", "1-3", 1 ],
            [ "1-5", "1-4", -1 ],
            [ "1-4", "1-3", -1 ],
            [ "2-1", "2-2", -1 ],
            [ "3-3", "3-2", -1 ],
            [ "4-1", "4-2", -1 ]
        ],
        "rotation_matrix": [
            0.6376198675247866,
            0.34813884996696787,
            0.6871973848039225,
            47.14956474304197,
            0.7675160567436761,
            -0.21063179006609511,
            -0.6054364967973028,
            21.216173602440584,
            -0.06603035043305369,
            0.9134733658718401,
            -0.4015051714043775,
            -28.17332636829706,
            18.78404164503984,
            23.992462979534775,
            13.616655034021722,
            1
        ]
    }
}
