{
    "1akdA": {
        "comment": "Automatic annotation for 1akd based on 2nnj template. Total value of used metric: 267.49",
        "software": "SecStrAnnotator 2.2 [2020-07-01]",
        "args": "examples/ 2nnj,A 1akd,A,:",
        "found": 32,
        "total_metric_value": 267.49,
        "secondary_structure_elements": [
            {
                "label": "A'",
                "chain_id": "A",
                "start": 34,
                "end": 36,
                "type": "G",
                "color": "s121",
                "start_vector": [
                    30.166,
                    20.06,
                    -13.835
                ],
                "end_vector": [
                    29.908,
                    22.67,
                    -18.671
                ],
                "metric_value": 23.678,
                "sequence": "LSA"
            },
            {
                "label": "A",
                "chain_id": "A",
                "start": 38,
                "end": 46,
                "type": "h",
                "color": "s143",
                "start_vector": [
                    34.332,
                    23.6,
                    -19.715
                ],
                "end_vector": [
                    39.487,
                    28.008,
                    -6.788
                ],
                "metric_value": 12.635,
                "sequence": "VQEAWAVLQ"
            },
            {
                "label": "B",
                "chain_id": "A",
                "start": 68,
                "end": 77,
                "type": "H",
                "color": "s208",
                "start_vector": [
                    49.001,
                    32.623,
                    -11.05
                ],
                "end_vector": [
                    62.404,
                    26.218,
                    -15.754
                ],
                "metric_value": 4.175,
                "sequence": "GQLIREAYED"
            },
            {
                "label": "B'",
                "chain_id": "A",
                "start": 90,
                "end": 95,
                "type": "H",
                "color": "s251",
                "start_vector": [
                    50.467,
                    7.752,
                    -12.752
                ],
                "end_vector": [
                    57.315,
                    7.993,
                    -19.465
                ],
                "metric_value": 8.089,
                "sequence": "REAGEA"
            },
            {
                "label": "C",
                "chain_id": "A",
                "start": 105,
                "end": 119,
                "type": "h",
                "color": "s294",
                "start_vector": [
                    69.553,
                    19.248,
                    -22.742
                ],
                "end_vector": [
                    60.03,
                    22.087,
                    -40.53
                ],
                "metric_value": 4.46,
                "sequence": "PPEQRQFRALANQVV"
            },
            {
                "label": "D",
                "chain_id": "A",
                "start": 121,
                "end": 145,
                "type": "h",
                "color": "s316",
                "start_vector": [
                    58.47,
                    26.446,
                    -44.433
                ],
                "end_vector": [
                    22.725,
                    21.788,
                    -50.252
                ],
                "metric_value": 10.592,
                "sequence": "MPVVDKLENRIQELACSLIESLRPQ"
            },
            {
                "label": "E",
                "chain_id": "A",
                "start": 150,
                "end": 167,
                "type": "h",
                "color": "s359",
                "start_vector": [
                    29.972,
                    18.777,
                    -35.348
                ],
                "end_vector": [
                    53.316,
                    14.224,
                    -45.737
                ],
                "metric_value": 4.202,
                "sequence": "FTEDYAEPFPIRIFMLLA"
            },
            {
                "label": "F",
                "chain_id": "A",
                "start": 171,
                "end": 186,
                "type": "h",
                "color": "s381",
                "start_vector": [
                    44.276,
                    5.003,
                    -45.076
                ],
                "end_vector": [
                    43.608,
                    9.178,
                    -21.889
                ],
                "metric_value": 5.312,
                "sequence": "EEDIPHLKYLTDQMTR"
            },
            {
                "label": "G",
                "chain_id": "A",
                "start": 193,
                "end": 214,
                "type": "H",
                "color": "s445",
                "start_vector": [
                    48.204,
                    1.019,
                    -20.856
                ],
                "end_vector": [
                    64.475,
                    4.155,
                    -48.585
                ],
                "metric_value": 13.593,
                "sequence": "FAEAKEALYDYLIPIIEQRRQK"
            },
            {
                "label": "H",
                "chain_id": "A",
                "start": 219,
                "end": 225,
                "type": "H",
                "color": "s467",
                "start_vector": [
                    57.246,
                    12.993,
                    -43.903
                ],
                "end_vector": [
                    67.07,
                    11.98,
                    -39.587
                ],
                "metric_value": 15.245,
                "sequence": "AISIVAN"
            },
            {
                "label": "I",
                "chain_id": "A",
                "start": 235,
                "end": 267,
                "type": "h",
                "color": "s532",
                "start_vector": [
                    67.34,
                    5.284,
                    -32.822
                ],
                "end_vector": [
                    24.544,
                    31.263,
                    -30.894
                ],
                "metric_value": 1.654,
                "sequence": "SDEAKRMCGLLLVGGLDTVVNFLSFSMEFLAKS"
            },
            {
                "label": "J",
                "chain_id": "A",
                "start": 268,
                "end": 277,
                "type": "H",
                "color": "s554",
                "start_vector": [
                    26.393,
                    36.291,
                    -30.17
                ],
                "end_vector": [
                    34.129,
                    41.718,
                    -41.231
                ],
                "metric_value": 12.453,
                "sequence": "PEHRQELIQR"
            },
            {
                "label": "K",
                "chain_id": "A",
                "start": 278,
                "end": 292,
                "type": "h",
                "color": "s597",
                "start_vector": [
                    39.673,
                    42.639,
                    -40.512
                ],
                "end_vector": [
                    42.31,
                    29.388,
                    -23.381
                ],
                "metric_value": 5.51,
                "sequence": "PERIPAACEELLRRF"
            },
            {
                "label": "K'",
                "chain_id": "A",
                "start": 322,
                "end": 327,
                "type": "h",
                "color": "s727",
                "start_vector": [
                    47.09,
                    24.499,
                    -18.189
                ],
                "end_vector": [
                    43.439,
                    34.031,
                    -16.681
                ],
                "metric_value": 2.888,
                "sequence": "QMLSGL"
            },
            {
                "label": "L",
                "chain_id": "A",
                "start": 360,
                "end": 378,
                "type": "H",
                "color": "s770",
                "start_vector": [
                    53.489,
                    26.511,
                    -35.018
                ],
                "end_vector": [
                    28.956,
                    32.298,
                    -44.775
                ],
                "metric_value": 3.912,
                "sequence": "QHLARREIIVTLKEWLTRI"
            },
            {
                "label": "1-0",
                "chain_id": "A",
                "start": 23,
                "end": 23,
                "type": "B",
                "sheet_id": 1,
                "color": "s100",
                "start_vector": [
                    44.595,
                    20.861,
                    1.468
                ],
                "end_vector": [
                    42.67,
                    20.246,
                    0.058
                ],
                "metric_value": 7.767,
                "sequence": "V"
            },
            {
                "label": "1-1",
                "chain_id": "A",
                "start": 53,
                "end": 56,
                "type": "E",
                "sheet_id": 1,
                "color": "s164",
                "start_vector": [
                    48.494,
                    27.251,
                    -3.945
                ],
                "end_vector": [
                    45.043,
                    15.431,
                    -3.303
                ],
                "metric_value": 8.593,
                "sequence": "LVWT"
            },
            {
                "label": "1-2",
                "chain_id": "A",
                "start": 62,
                "end": 65,
                "type": "E",
                "sheet_id": 1,
                "color": "s186",
                "start_vector": [
                    49.737,
                    14.824,
                    -5.756
                ],
                "end_vector": [
                    48.157,
                    26.269,
                    -9.18
                ],
                "metric_value": 8.14,
                "sequence": "HWIA"
            },
            {
                "label": "1-5",
                "chain_id": "A",
                "start": 81,
                "end": 82,
                "type": "E",
                "sheet_id": 1,
                "color": "s229",
                "start_vector": [
                    62.157,
                    21.581,
                    -11.187
                ],
                "end_vector": [
                    60.826,
                    18.329,
                    -15.578
                ],
                "metric_value": 8.359,
                "sequence": "FS"
            },
            {
                "label": "3-1",
                "chain_id": "A",
                "start": 147,
                "end": 149,
                "type": "E",
                "sheet_id": 3,
                "color": "s337",
                "start_vector": [
                    22.606,
                    20.863,
                    -41.8
                ],
                "end_vector": [
                    29.331,
                    17.732,
                    -36.527
                ],
                "metric_value": 10.41,
                "sequence": "QCN"
            },
            {
                "label": "5-1",
                "chain_id": "A",
                "start": 227,
                "end": 228,
                "type": "E",
                "sheet_id": 5,
                "color": "s489",
                "start_vector": [
                    69.648,
                    15.112,
                    -38.309
                ],
                "end_vector": [
                    72.317,
                    17.957,
                    -34.059
                ],
                "metric_value": 15.553,
                "sequence": "QV"
            },
            {
                "label": "5-2",
                "chain_id": "A",
                "start": 231,
                "end": 232,
                "type": "E",
                "sheet_id": 5,
                "color": "s510",
                "start_vector": [
                    75.433,
                    15.389,
                    -35.802
                ],
                "end_vector": [
                    71.702,
                    11.44,
                    -36.123
                ],
                "metric_value": 9.886,
                "sequence": "RP"
            },
            {
                "label": "6-1",
                "chain_id": "A",
                "start": 295,
                "end": 295,
                "type": "B",
                "sheet_id": 6,
                "color": "s618",
                "start_vector": [
                    44.894,
                    22.657,
                    -22.555
                ],
                "end_vector": [
                    46.378,
                    21.897,
                    -20.71
                ],
                "metric_value": 2.243,
                "sequence": "V"
            },
            {
                "label": "1-4",
                "chain_id": "A",
                "start": 298,
                "end": 301,
                "type": "E",
                "sheet_id": 1,
                "color": "s640",
                "start_vector": [
                    52.308,
                    19.096,
                    -16.427
                ],
                "end_vector": [
                    61.801,
                    16.961,
                    -8.43
                ],
                "metric_value": 9.524,
                "sequence": "GRIL"
            },
            {
                "label": "2-1",
                "chain_id": "A",
                "start": 305,
                "end": 307,
                "type": "E",
                "sheet_id": 2,
                "color": "s662",
                "start_vector": [
                    62.56,
                    22.072,
                    -1.773
                ],
                "end_vector": [
                    57.35,
                    28.637,
                    -2.318
                ],
                "metric_value": 3.3,
                "sequence": "YEF"
            },
            {
                "label": "2-2",
                "chain_id": "A",
                "start": 310,
                "end": 312,
                "type": "E",
                "sheet_id": 2,
                "color": "s683",
                "start_vector": [
                    55.518,
                    26.73,
                    1.539
                ],
                "end_vector": [
                    58.35,
                    19.311,
                    -1.23
                ],
                "metric_value": 3.524,
                "sequence": "VQL"
            },
            {
                "label": "1-3",
                "chain_id": "A",
                "start": 317,
                "end": 319,
                "type": "E",
                "sheet_id": 1,
                "color": "s705",
                "start_vector": [
                    55.148,
                    15.635,
                    -7.64
                ],
                "end_vector": [
                    50.381,
                    21.451,
                    -12.692
                ],
                "metric_value": 5.905,
                "sequence": "QIL"
            },
            {
                "label": "3-3",
                "chain_id": "A",
                "start": 382,
                "end": 383,
                "type": "E",
                "sheet_id": 3,
                "color": "s791",
                "start_vector": [
                    23.371,
                    27.863,
                    -35.54
                ],
                "end_vector": [
                    22.022,
                    23.728,
                    -32.612
                ],
                "metric_value": 18.434,
                "sequence": "SI"
            },
            {
                "label": "4-1",
                "chain_id": "A",
                "start": 391,
                "end": 392,
                "type": "E",
                "sheet_id": 4,
                "color": "s835",
                "start_vector": [
                    31.24,
                    17.906,
                    -22.691
                ],
                "end_vector": [
                    36.563,
                    16.331,
                    -20.571
                ],
                "metric_value": 4.127,
                "sequence": "HK"
            },
            {
                "label": "6-2",
                "chain_id": "A",
                "start": 396,
                "end": 396,
                "type": "B",
                "sheet_id": 6,
                "color": "s856",
                "start_vector": [
                    44.465,
                    16.841,
                    -22.524
                ],
                "end_vector": [
                    42.317,
                    17.575,
                    -23.327
                ],
                "metric_value": 3.859,
                "sequence": "V"
            },
            {
                "label": "4-2",
                "chain_id": "A",
                "start": 398,
                "end": 399,
                "type": "E",
                "sheet_id": 4,
                "color": "s878",
                "start_vector": [
                    38.343,
                    18.262,
                    -24.629
                ],
                "end_vector": [
                    33.283,
                    16.73,
                    -26.97
                ],
                "metric_value": 2.649,
                "sequence": "GV"
            },
            {
                "label": "3-2",
                "chain_id": "A",
                "start": 403,
                "end": 405,
                "type": "E",
                "sheet_id": 3,
                "color": "s900",
                "start_vector": [
                    26.662,
                    19.332,
                    -32.886
                ],
                "end_vector": [
                    21.89,
                    24.745,
                    -38.699
                ],
                "metric_value": 16.817,
                "sequence": "PLV"
            }
        ],
        "beta_connectivity": [
            [
                "1-0",
                "1-1",
                1
            ],
            [
                "1-1",
                "1-2",
                -1
            ],
            [
                "1-2",
                "1-3",
                1
            ],
            [
                "1-5",
                "1-4",
                -1
            ],
            [
                "3-1",
                "3-2",
                -1
            ],
            [
                "5-1",
                "5-2",
                -1
            ],
            [
                "6-1",
                "6-2",
                -1
            ],
            [
                "1-4",
                "1-3",
                -1
            ],
            [
                "2-1",
                "2-2",
                -1
            ],
            [
                "3-3",
                "3-2",
                -1
            ],
            [
                "4-1",
                "4-2",
                -1
            ]
        ],
        "rotation_matrix": [
            -0.42609543645822945,
            -0.15697177013960273,
            -0.8909559710831457,
            46.558611646611666,
            -0.904371765411414,
            0.04827569784086172,
            0.4240060930277065,
            21.104444135020067,
            -0.02354546572301472,
            0.9864224857418946,
            -0.16253089142273466,
            -27.40571542123848,
            -15.733989360395505,
            -23.247702105327477,
            -13.437087803380562,
            1
        ],
        "domain": {
            "name": "1akdA",
            "pdb": "1akd",
            "chain": "A",
            "ranges": ":"
        }
    },
    "1bu7A": {
        "comment": "Automatic annotation for 1bu7 based on 2nnj template. Total value of used metric: 167.20",
        "software": "SecStrAnnotator 2.2 [2020-07-01]",
        "args": "examples/ 2nnj,A 1bu7,A,:",
        "found": 29,
        "total_metric_value": 167.195,
        "secondary_structure_elements": [
            {
                "label": "A'",
                "chain_id": "A",
                "start": 17,
                "end": 20,
                "type": "G",
                "color": "s121",
                "start_vector": [
                    41.817,
                    10.568,
                    -4.39
                ],
                "end_vector": [
                    37.728,
                    11.339,
                    -10.462
                ],
                "metric_value": 6.627,
                "sequence": "LPLL"
            },
            {
                "label": "A",
                "chain_id": "A",
                "start": 25,
                "end": 36,
                "type": "H",
                "color": "s143",
                "start_vector": [
                    37.677,
                    16.524,
                    -16.713
                ],
                "end_vector": [
                    38.205,
                    28.331,
                    -3.382
                ],
                "metric_value": 4.931,
                "sequence": "PVQALMKIADEL"
            },
            {
                "label": "B",
                "chain_id": "A",
                "start": 55,
                "end": 62,
                "type": "H",
                "color": "s208",
                "start_vector": [
                    48.271,
                    34.503,
                    -9.494
                ],
                "end_vector": [
                    59.043,
                    30.356,
                    -12.894
                ],
                "metric_value": 6.937,
                "sequence": "QRLIKEAC"
            },
            {
                "label": "B'",
                "chain_id": "A",
                "start": 73,
                "end": 82,
                "type": "h",
                "color": "s251",
                "start_vector": [
                    50.913,
                    12.394,
                    -15.477
                ],
                "end_vector": [
                    56.166,
                    6.138,
                    -26.592
                ],
                "metric_value": 9.165,
                "sequence": "QALKFVRDFA"
            },
            {
                "label": "B''",
                "chain_id": "A",
                "start": 86,
                "end": 88,
                "type": "G",
                "color": "s272",
                "start_vector": [
                    58.458,
                    15.015,
                    -28.323
                ],
                "end_vector": [
                    59.133,
                    15.832,
                    -23.48
                ],
                "metric_value": 2.203,
                "sequence": "LFT"
            },
            {
                "label": "C",
                "chain_id": "A",
                "start": 94,
                "end": 107,
                "type": "h",
                "color": "s294",
                "start_vector": [
                    69.952,
                    14.257,
                    -24.384
                ],
                "end_vector": [
                    61.436,
                    27.448,
                    -38.768
                ],
                "metric_value": 4.631,
                "sequence": "KNWKKAHNILLPSF"
            },
            {
                "label": "D",
                "chain_id": "A",
                "start": 109,
                "end": 132,
                "type": "h",
                "color": "s316",
                "start_vector": [
                    59.552,
                    29.446,
                    -41.968
                ],
                "end_vector": [
                    28.012,
                    19.547,
                    -52.271
                ],
                "metric_value": 9.798,
                "sequence": "QQAMKGYHAMMVDIAVQLVQKWER"
            },
            {
                "label": "E",
                "chain_id": "A",
                "start": 141,
                "end": 158,
                "type": "H",
                "color": "s359",
                "start_vector": [
                    31.41,
                    18.685,
                    -35.013
                ],
                "end_vector": [
                    55.678,
                    16.28,
                    -45.014
                ],
                "metric_value": 1.741,
                "sequence": "VPEDMTRLTLDTIGLCGF"
            },
            {
                "label": "F",
                "chain_id": "A",
                "start": 172,
                "end": 189,
                "type": "h",
                "color": "s381",
                "start_vector": [
                    45.141,
                    5.302,
                    -40.229
                ],
                "end_vector": [
                    44.584,
                    6.311,
                    -11.992
                ],
                "metric_value": 14.078,
                "sequence": "PFITSMVRALDEAMNKLQ"
            },
            {
                "label": "G",
                "chain_id": "A",
                "start": 196,
                "end": 226,
                "type": "h",
                "color": "s445",
                "start_vector": [
                    41.252,
                    -7.525,
                    -15.074
                ],
                "end_vector": [
                    65.097,
                    8.63,
                    -52.926
                ],
                "metric_value": 7.382,
                "sequence": "PAYDENKRQFQEDIKVMNDLVDKIIADRKAS"
            },
            {
                "label": "H",
                "chain_id": "A",
                "start": 233,
                "end": 239,
                "type": "H",
                "color": "s467",
                "start_vector": [
                    58.602,
                    17.352,
                    -43.771
                ],
                "end_vector": [
                    69.27,
                    16.31,
                    -41.296
                ],
                "metric_value": 12.828,
                "sequence": "LLTHMLN"
            },
            {
                "label": "I",
                "chain_id": "A",
                "start": 251,
                "end": 283,
                "type": "H",
                "color": "s532",
                "start_vector": [
                    66.121,
                    6.208,
                    -34.75
                ],
                "end_vector": [
                    25.621,
                    33.155,
                    -30.547
                ],
                "metric_value": 1.82,
                "sequence": "DENIRYQIITFLIAGHETTSGLLSFALYFLVKN"
            },
            {
                "label": "J",
                "chain_id": "A",
                "start": 284,
                "end": 298,
                "type": "H",
                "color": "s554",
                "start_vector": [
                    27.185,
                    38.291,
                    -31.244
                ],
                "end_vector": [
                    40.015,
                    40.56,
                    -49.065
                ],
                "metric_value": 2.263,
                "sequence": "PHVLQKAAEEAARVL"
            },
            {
                "label": "J'",
                "chain_id": "A",
                "start": 305,
                "end": 311,
                "type": "h",
                "color": "s575",
                "start_vector": [
                    49.376,
                    35.091,
                    -48.54
                ],
                "end_vector": [
                    44.448,
                    40.193,
                    -38.714
                ],
                "metric_value": 3.966,
                "sequence": "YKQVKQL"
            },
            {
                "label": "K",
                "chain_id": "A",
                "start": 312,
                "end": 325,
                "type": "H",
                "color": "s597",
                "start_vector": [
                    41.325,
                    40.468,
                    -38.321
                ],
                "end_vector": [
                    40.346,
                    28.676,
                    -22.13
                ],
                "metric_value": 2.381,
                "sequence": "KYVGMVLNEALRLW"
            },
            {
                "label": "K'",
                "chain_id": "A",
                "start": 357,
                "end": 362,
                "type": "h",
                "color": "s727",
                "start_vector": [
                    43.848,
                    25.702,
                    -16.156
                ],
                "end_vector": [
                    41.676,
                    34.861,
                    -15.135
                ],
                "metric_value": 1.533,
                "sequence": "IPQLHR"
            },
            {
                "label": "K''",
                "chain_id": "A",
                "start": 376,
                "end": 379,
                "type": "G",
                "color": "s748",
                "start_vector": [
                    36.075,
                    40.12,
                    -27.144
                ],
                "end_vector": [
                    43.114,
                    43.188,
                    -26.842
                ],
                "metric_value": 3.627,
                "sequence": "PERF"
            },
            {
                "label": "L",
                "chain_id": "A",
                "start": 403,
                "end": 420,
                "type": "H",
                "color": "s770",
                "start_vector": [
                    54.129,
                    26.767,
                    -33.465
                ],
                "end_vector": [
                    30.984,
                    32.743,
                    -46.503
                ],
                "metric_value": 0.82,
                "sequence": "QQFALHEATLVLGMMLKH"
            },
            {
                "label": "1-1",
                "chain_id": "A",
                "start": 39,
                "end": 44,
                "type": "E",
                "sheet_id": 1,
                "color": "s164",
                "start_vector": [
                    45.716,
                    27.972,
                    -4.002
                ],
                "end_vector": [
                    48.142,
                    9.09,
                    -3.775
                ],
                "metric_value": 2.338,
                "sequence": "IFKFEA"
            },
            {
                "label": "1-2",
                "chain_id": "A",
                "start": 47,
                "end": 52,
                "type": "E",
                "sheet_id": 1,
                "color": "s186",
                "start_vector": [
                    53.353,
                    10.576,
                    -4.034
                ],
                "end_vector": [
                    47.176,
                    27.671,
                    -9.278
                ],
                "metric_value": 1.452,
                "sequence": "RVTRYL"
            },
            {
                "label": "1-5",
                "chain_id": "A",
                "start": 67,
                "end": 69,
                "type": "E",
                "sheet_id": 1,
                "color": "s229",
                "start_vector": [
                    62.402,
                    26.769,
                    -11.895
                ],
                "end_vector": [
                    59.086,
                    20.274,
                    -16.804
                ],
                "metric_value": 12.489,
                "sequence": "FDK"
            },
            {
                "label": "1-4",
                "chain_id": "A",
                "start": 330,
                "end": 335,
                "type": "E",
                "sheet_id": 1,
                "color": "s640",
                "start_vector": [
                    46.75,
                    21.452,
                    -19.34
                ],
                "end_vector": [
                    62.903,
                    21.834,
                    -8.896
                ],
                "metric_value": 18.094,
                "sequence": "AFSLYA"
            },
            {
                "label": "2-1",
                "chain_id": "A",
                "start": 339,
                "end": 341,
                "type": "E",
                "sheet_id": 2,
                "color": "s662",
                "start_vector": [
                    63.084,
                    26.785,
                    -2.4
                ],
                "end_vector": [
                    55.746,
                    31.635,
                    -3.045
                ],
                "metric_value": 5.787,
                "sequence": "TVL"
            },
            {
                "label": "2-2",
                "chain_id": "A",
                "start": 345,
                "end": 347,
                "type": "E",
                "sheet_id": 2,
                "color": "s683",
                "start_vector": [
                    54.573,
                    29.341,
                    1.162
                ],
                "end_vector": [
                    60.008,
                    23.097,
                    -1.485
                ],
                "metric_value": 4.512,
                "sequence": "YPL"
            },
            {
                "label": "1-3",
                "chain_id": "A",
                "start": 352,
                "end": 356,
                "type": "E",
                "sheet_id": 1,
                "color": "s705",
                "start_vector": [
                    56.644,
                    19.279,
                    -7.452
                ],
                "end_vector": [
                    45.65,
                    26.178,
                    -15.747
                ],
                "metric_value": 6.017,
                "sequence": "ELMVL"
            },
            {
                "label": "3-3",
                "chain_id": "A",
                "start": 421,
                "end": 424,
                "type": "E",
                "sheet_id": 3,
                "color": "s791",
                "start_vector": [
                    29.798,
                    31.581,
                    -46.002
                ],
                "end_vector": [
                    23.265,
                    28.464,
                    -36.422
                ],
                "metric_value": 1.82,
                "sequence": "FDFE"
            },
            {
                "label": "4-1",
                "chain_id": "A",
                "start": 433,
                "end": 435,
                "type": "E",
                "sheet_id": 4,
                "color": "s835",
                "start_vector": [
                    31.712,
                    19.307,
                    -23.308
                ],
                "end_vector": [
                    39.19,
                    14.298,
                    -22.789
                ],
                "metric_value": 7.772,
                "sequence": "IKE"
            },
            {
                "label": "4-2",
                "chain_id": "A",
                "start": 439,
                "end": 441,
                "type": "E",
                "sheet_id": 4,
                "color": "s878",
                "start_vector": [
                    40.826,
                    19.225,
                    -24.728
                ],
                "end_vector": [
                    32.168,
                    19.424,
                    -27.979
                ],
                "metric_value": 5.702,
                "sequence": "LKP"
            },
            {
                "label": "3-2",
                "chain_id": "A",
                "start": 447,
                "end": 450,
                "type": "E",
                "sheet_id": 3,
                "color": "s900",
                "start_vector": [
                    24.645,
                    23.916,
                    -39.058
                ],
                "end_vector": [
                    26.31,
                    30.444,
                    -49.097
                ],
                "metric_value": 4.482,
                "sequence": "KAKS"
            }
        ],
        "beta_connectivity": [
            [
                "1-1",
                "1-2",
                -1
            ],
            [
                "1-2",
                "1-3",
                1
            ],
            [
                "1-5",
                "1-4",
                -1
            ],
            [
                "1-4",
                "1-3",
                -1
            ],
            [
                "2-1",
                "2-2",
                -1
            ],
            [
                "3-3",
                "3-2",
                -1
            ],
            [
                "4-1",
                "4-2",
                -1
            ]
        ],
        "rotation_matrix": [
            0.9321154998340809,
            -0.27719221798452875,
            0.2330776035098165,
            47.00005888938906,
            -0.36071458268513285,
            -0.653112175995442,
            0.6658299147716251,
            21.19275706778016,
            -0.03233705007189726,
            -0.7047048742951312,
            -0.7087632576095712,
            -28.341018864454444,
            -47.925429204724864,
            -69.29533024553982,
            -43.12370281399417,
            1
        ],
        "domain": {
            "name": "1bu7A",
            "pdb": "1bu7",
            "chain": "A",
            "ranges": ":"
        }
    },
    "1bu7B": {
        "comment": "Automatic annotation for 1bu7 based on 2nnj template. Total value of used metric: 159.95",
        "software": "SecStrAnnotator 2.2 [2020-07-01]",
        "args": "examples/ 2nnj,A 1bu7,B,:",
        "found": 29,
        "total_metric_value": 159.953,
        "secondary_structure_elements": [
            {
                "label": "A'",
                "chain_id": "B",
                "start": 17,
                "end": 20,
                "type": "G",
                "color": "s121",
                "start_vector": [
                    40.308,
                    11.529,
                    -2.772
                ],
                "end_vector": [
                    36.126,
                    12.567,
                    -7.966
                ],
                "metric_value": 5.285,
                "sequence": "LPLL"
            },
            {
                "label": "A",
                "chain_id": "B",
                "start": 25,
                "end": 36,
                "type": "H",
                "color": "s143",
                "start_vector": [
                    37.817,
                    16.916,
                    -16.209
                ],
                "end_vector": [
                    38.73,
                    28.87,
                    -3.318
                ],
                "metric_value": 4.425,
                "sequence": "PVQALMKIADEL"
            },
            {
                "label": "B",
                "chain_id": "B",
                "start": 55,
                "end": 62,
                "type": "H",
                "color": "s208",
                "start_vector": [
                    48.963,
                    34.342,
                    -9.79
                ],
                "end_vector": [
                    59.607,
                    29.421,
                    -13.052
                ],
                "metric_value": 6.73,
                "sequence": "QRLIKEAC"
            },
            {
                "label": "B'",
                "chain_id": "B",
                "start": 73,
                "end": 82,
                "type": "h",
                "color": "s251",
                "start_vector": [
                    50.53,
                    11.189,
                    -16.628
                ],
                "end_vector": [
                    56.221,
                    5.705,
                    -28.143
                ],
                "metric_value": 8.8,
                "sequence": "QALKFVRDFA"
            },
            {
                "label": "B''",
                "chain_id": "B",
                "start": 86,
                "end": 88,
                "type": "G",
                "color": "s272",
                "start_vector": [
                    58.358,
                    14.734,
                    -29.107
                ],
                "end_vector": [
                    58.964,
                    15.14,
                    -24.205
                ],
                "metric_value": 2.319,
                "sequence": "LFT"
            },
            {
                "label": "C",
                "chain_id": "B",
                "start": 94,
                "end": 107,
                "type": "h",
                "color": "s294",
                "start_vector": [
                    69.764,
                    13.574,
                    -25.324
                ],
                "end_vector": [
                    61.578,
                    27.7,
                    -38.872
                ],
                "metric_value": 5.211,
                "sequence": "KNWKKAHNILLPSF"
            },
            {
                "label": "D",
                "chain_id": "B",
                "start": 109,
                "end": 132,
                "type": "h",
                "color": "s316",
                "start_vector": [
                    59.748,
                    29.813,
                    -42.221
                ],
                "end_vector": [
                    27.73,
                    19.693,
                    -52.099
                ],
                "metric_value": 9.729,
                "sequence": "QQAMKGYHAMMVDIAVQLVQKWER"
            },
            {
                "label": "E",
                "chain_id": "B",
                "start": 141,
                "end": 158,
                "type": "H",
                "color": "s359",
                "start_vector": [
                    31.701,
                    18.323,
                    -34.926
                ],
                "end_vector": [
                    55.574,
                    16.888,
                    -45.762
                ],
                "metric_value": 1.905,
                "sequence": "VPEDMTRLTLDTIGLCGF"
            },
            {
                "label": "F",
                "chain_id": "B",
                "start": 172,
                "end": 189,
                "type": "h",
                "color": "s381",
                "start_vector": [
                    45.308,
                    5.932,
                    -41.838
                ],
                "end_vector": [
                    44.464,
                    4.422,
                    -14.324
                ],
                "metric_value": 12.617,
                "sequence": "PFITSMVRALDEAMNKLQ"
            },
            {
                "label": "G",
                "chain_id": "B",
                "start": 196,
                "end": 226,
                "type": "h",
                "color": "s445",
                "start_vector": [
                    41.547,
                    -9.083,
                    -18.154
                ],
                "end_vector": [
                    65.211,
                    10.242,
                    -54.352
                ],
                "metric_value": 6.817,
                "sequence": "PAYDENKRQFQEDIKVMNDLVDKIIADRKAS"
            },
            {
                "label": "H",
                "chain_id": "B",
                "start": 233,
                "end": 239,
                "type": "H",
                "color": "s467",
                "start_vector": [
                    58.787,
                    17.977,
                    -44.311
                ],
                "end_vector": [
                    69.226,
                    16.719,
                    -41.999
                ],
                "metric_value": 13.158,
                "sequence": "LLTHMLN"
            },
            {
                "label": "I",
                "chain_id": "B",
                "start": 251,
                "end": 283,
                "type": "H",
                "color": "s532",
                "start_vector": [
                    66.231,
                    6.211,
                    -35.978
                ],
                "end_vector": [
                    25.817,
                    32.963,
                    -30.167
                ],
                "metric_value": 2.538,
                "sequence": "DENIRYQIITFLIAGHETTSGLLSFALYFLVKN"
            },
            {
                "label": "J",
                "chain_id": "B",
                "start": 284,
                "end": 298,
                "type": "H",
                "color": "s554",
                "start_vector": [
                    27.232,
                    37.992,
                    -30.91
                ],
                "end_vector": [
                    39.622,
                    40.91,
                    -48.874
                ],
                "metric_value": 2.11,
                "sequence": "PHVLQKAAEEAARVL"
            },
            {
                "label": "J'",
                "chain_id": "B",
                "start": 305,
                "end": 311,
                "type": "h",
                "color": "s575",
                "start_vector": [
                    49.17,
                    35.47,
                    -48.537
                ],
                "end_vector": [
                    44.35,
                    40.383,
                    -38.57
                ],
                "metric_value": 3.8,
                "sequence": "YKQVKQL"
            },
            {
                "label": "K",
                "chain_id": "B",
                "start": 312,
                "end": 325,
                "type": "H",
                "color": "s597",
                "start_vector": [
                    41.174,
                    40.48,
                    -38.113
                ],
                "end_vector": [
                    40.629,
                    28.497,
                    -22.097
                ],
                "metric_value": 2.39,
                "sequence": "KYVGMVLNEALRLW"
            },
            {
                "label": "K'",
                "chain_id": "B",
                "start": 357,
                "end": 362,
                "type": "h",
                "color": "s727",
                "start_vector": [
                    44.078,
                    25.371,
                    -16.272
                ],
                "end_vector": [
                    42.209,
                    34.532,
                    -15.177
                ],
                "metric_value": 1.546,
                "sequence": "IPQLHR"
            },
            {
                "label": "K''",
                "chain_id": "B",
                "start": 376,
                "end": 379,
                "type": "G",
                "color": "s748",
                "start_vector": [
                    36.15,
                    39.923,
                    -26.828
                ],
                "end_vector": [
                    43.196,
                    43.128,
                    -26.687
                ],
                "metric_value": 3.605,
                "sequence": "PERF"
            },
            {
                "label": "L",
                "chain_id": "B",
                "start": 403,
                "end": 420,
                "type": "H",
                "color": "s770",
                "start_vector": [
                    54.182,
                    26.777,
                    -33.654
                ],
                "end_vector": [
                    30.913,
                    32.905,
                    -46.236
                ],
                "metric_value": 1.066,
                "sequence": "QQFALHEATLVLGMMLKH"
            },
            {
                "label": "1-1",
                "chain_id": "B",
                "start": 39,
                "end": 44,
                "type": "E",
                "sheet_id": 1,
                "color": "s164",
                "start_vector": [
                    46.811,
                    28.096,
                    -4.334
                ],
                "end_vector": [
                    46.84,
                    9.063,
                    -3.224
                ],
                "metric_value": 2.275,
                "sequence": "IFKFEA"
            },
            {
                "label": "1-2",
                "chain_id": "B",
                "start": 47,
                "end": 52,
                "type": "E",
                "sheet_id": 1,
                "color": "s186",
                "start_vector": [
                    52.054,
                    9.62,
                    -4.09
                ],
                "end_vector": [
                    47.909,
                    27.437,
                    -9.458
                ],
                "metric_value": 1.193,
                "sequence": "RVTRYL"
            },
            {
                "label": "1-5",
                "chain_id": "B",
                "start": 67,
                "end": 69,
                "type": "E",
                "sheet_id": 1,
                "color": "s229",
                "start_vector": [
                    62.714,
                    25.415,
                    -12.081
                ],
                "end_vector": [
                    58.995,
                    19.161,
                    -17.154
                ],
                "metric_value": 11.49,
                "sequence": "FDK"
            },
            {
                "label": "1-4",
                "chain_id": "B",
                "start": 330,
                "end": 335,
                "type": "E",
                "sheet_id": 1,
                "color": "s640",
                "start_vector": [
                    46.799,
                    21.087,
                    -19.544
                ],
                "end_vector": [
                    63.009,
                    20.453,
                    -9.193
                ],
                "metric_value": 17.738,
                "sequence": "AFSLYA"
            },
            {
                "label": "2-1",
                "chain_id": "B",
                "start": 339,
                "end": 341,
                "type": "E",
                "sheet_id": 2,
                "color": "s662",
                "start_vector": [
                    63.607,
                    25.398,
                    -2.566
                ],
                "end_vector": [
                    56.566,
                    30.772,
                    -3.209
                ],
                "metric_value": 4.62,
                "sequence": "TVL"
            },
            {
                "label": "2-2",
                "chain_id": "B",
                "start": 345,
                "end": 347,
                "type": "E",
                "sheet_id": 2,
                "color": "s683",
                "start_vector": [
                    55.538,
                    28.643,
                    1.12
                ],
                "end_vector": [
                    60.275,
                    21.839,
                    -1.536
                ],
                "metric_value": 3.419,
                "sequence": "YPL"
            },
            {
                "label": "1-3",
                "chain_id": "B",
                "start": 352,
                "end": 356,
                "type": "E",
                "sheet_id": 1,
                "color": "s705",
                "start_vector": [
                    56.726,
                    18.453,
                    -7.626
                ],
                "end_vector": [
                    45.965,
                    25.882,
                    -15.885
                ],
                "metric_value": 5.523,
                "sequence": "ELMVL"
            },
            {
                "label": "3-3",
                "chain_id": "B",
                "start": 421,
                "end": 424,
                "type": "E",
                "sheet_id": 3,
                "color": "s791",
                "start_vector": [
                    29.692,
                    31.636,
                    -45.692
                ],
                "end_vector": [
                    23.321,
                    28.199,
                    -36.151
                ],
                "metric_value": 2.054,
                "sequence": "FDFE"
            },
            {
                "label": "4-1",
                "chain_id": "B",
                "start": 433,
                "end": 435,
                "type": "E",
                "sheet_id": 4,
                "color": "s835",
                "start_vector": [
                    32.062,
                    19.181,
                    -23.097
                ],
                "end_vector": [
                    39.516,
                    14.53,
                    -22.196
                ],
                "metric_value": 7.364,
                "sequence": "IKE"
            },
            {
                "label": "4-2",
                "chain_id": "B",
                "start": 439,
                "end": 441,
                "type": "E",
                "sheet_id": 4,
                "color": "s878",
                "start_vector": [
                    41.058,
                    19.19,
                    -24.784
                ],
                "end_vector": [
                    32.43,
                    19.345,
                    -27.855
                ],
                "metric_value": 5.67,
                "sequence": "LKP"
            },
            {
                "label": "3-2",
                "chain_id": "B",
                "start": 447,
                "end": 450,
                "type": "E",
                "sheet_id": 3,
                "color": "s900",
                "start_vector": [
                    24.752,
                    23.698,
                    -38.891
                ],
                "end_vector": [
                    26.062,
                    30.489,
                    -48.737
                ],
                "metric_value": 4.558,
                "sequence": "KAKS"
            }
        ],
        "beta_connectivity": [
            [
                "1-1",
                "1-2",
                -1
            ],
            [
                "1-2",
                "1-3",
                1
            ],
            [
                "1-5",
                "1-4",
                -1
            ],
            [
                "1-4",
                "1-3",
                -1
            ],
            [
                "2-1",
                "2-2",
                -1
            ],
            [
                "3-3",
                "3-2",
                -1
            ],
            [
                "4-1",
                "4-2",
                -1
            ]
        ],
        "rotation_matrix": [
            -0.955012457527149,
            0.19712853591633586,
            0.22156612172314838,
            47.11623809022728,
            0.27559834856728355,
            0.31399376604363066,
            0.9085446962878181,
            20.98142923383076,
            0.10952970480623656,
            0.928734760420444,
            -0.354196257111561,
            -28.102988189077525,
            -35.09372644941761,
            -118.44997177483899,
            -52.1468089211662,
            1
        ],
        "domain": {
            "name": "1bu7B",
            "pdb": "1bu7",
            "chain": "B",
            "ranges": ":"
        }
    },
    "1tqnA": {
        "comment": "Automatic annotation for 1tqn based on 2nnj template. Total value of used metric: 178.21",
        "software": "SecStrAnnotator 2.2 [2020-07-01]",
        "args": "examples/ 2nnj,A 1tqn,A,:",
        "found": 30,
        "total_metric_value": 178.214,
        "secondary_structure_elements": [
            {
                "label": "A'",
                "chain_id": "A",
                "start": 29,
                "end": 32,
                "type": "G",
                "color": "s121",
                "start_vector": [
                    39.824,
                    11.107,
                    -5.353
                ],
                "end_vector": [
                    34.702,
                    14.14,
                    -10.061
                ],
                "metric_value": 8.544,
                "sequence": "ILSY"
            },
            {
                "label": "A",
                "chain_id": "A",
                "start": 36,
                "end": 47,
                "type": "H",
                "color": "s143",
                "start_vector": [
                    36.708,
                    18.808,
                    -15.372
                ],
                "end_vector": [
                    39.57,
                    29.416,
                    -1.419
                ],
                "metric_value": 2.979,
                "sequence": "FCMFDMECHKKY"
            },
            {
                "label": "B",
                "chain_id": "A",
                "start": 66,
                "end": 76,
                "type": "h",
                "color": "s208",
                "start_vector": [
                    51.655,
                    34.667,
                    -9.408
                ],
                "end_vector": [
                    62.603,
                    26.961,
                    -15.699
                ],
                "metric_value": 3.831,
                "sequence": "PDMIKTVLVKE"
            },
            {
                "label": "B'",
                "chain_id": "A",
                "start": 91,
                "end": 95,
                "type": "G",
                "color": "s251",
                "start_vector": [
                    56.915,
                    2.442,
                    -26.367
                ],
                "end_vector": [
                    60.771,
                    10.441,
                    -26.158
                ],
                "metric_value": 16.263,
                "sequence": "GFMKS"
            },
            {
                "label": "C",
                "chain_id": "A",
                "start": 102,
                "end": 116,
                "type": "h",
                "color": "s294",
                "start_vector": [
                    67.791,
                    14.541,
                    -20.306
                ],
                "end_vector": [
                    62.564,
                    24.914,
                    -38.072
                ],
                "metric_value": 1.673,
                "sequence": "DEEWKRLRSLLSPTF"
            },
            {
                "label": "D",
                "chain_id": "A",
                "start": 118,
                "end": 145,
                "type": "h",
                "color": "s316",
                "start_vector": [
                    60.909,
                    28.269,
                    -42.566
                ],
                "end_vector": [
                    22.478,
                    19.925,
                    -52.064
                ],
                "metric_value": 13.922,
                "sequence": "SGKLKEMVPIIAQYGDVLVRNLRREAET"
            },
            {
                "label": "E",
                "chain_id": "A",
                "start": 151,
                "end": 167,
                "type": "H",
                "color": "s359",
                "start_vector": [
                    30.577,
                    18.271,
                    -36.624
                ],
                "end_vector": [
                    54.673,
                    16.327,
                    -45.483
                ],
                "metric_value": 2.487,
                "sequence": "LKDVFGAYSMDVITSTS"
            },
            {
                "label": "F",
                "chain_id": "A",
                "start": 181,
                "end": 189,
                "type": "h",
                "color": "s381",
                "start_vector": [
                    45.16,
                    4.647,
                    -45.772
                ],
                "end_vector": [
                    43.963,
                    8.903,
                    -31.6
                ],
                "metric_value": 17.991,
                "sequence": "PFVENTKKL"
            },
            {
                "label": "F'",
                "chain_id": "A",
                "start": 197,
                "end": 205,
                "type": "H",
                "color": "s402",
                "start_vector": [
                    39.917,
                    4.694,
                    -18.363
                ],
                "end_vector": [
                    48.172,
                    3.613,
                    -8.896
                ],
                "metric_value": 3.855,
                "sequence": "PFFLSITVF"
            },
            {
                "label": "G'",
                "chain_id": "A",
                "start": 206,
                "end": 215,
                "type": "h",
                "color": "s424",
                "start_vector": [
                    51.05,
                    1.53,
                    -8.581
                ],
                "end_vector": [
                    56.844,
                    -5.583,
                    -22.337
                ],
                "metric_value": 13.511,
                "sequence": "PFLIPILEVL"
            },
            {
                "label": "G",
                "chain_id": "A",
                "start": 222,
                "end": 242,
                "type": "h",
                "color": "s445",
                "start_vector": [
                    48.487,
                    -0.494,
                    -32.166
                ],
                "end_vector": [
                    67.429,
                    9.804,
                    -55.004
                ],
                "metric_value": 15.706,
                "sequence": "REVTNFLRKSVKRMKESRLED"
            },
            {
                "label": "H",
                "chain_id": "A",
                "start": 250,
                "end": 259,
                "type": "H",
                "color": "s467",
                "start_vector": [
                    57.616,
                    16.729,
                    -43.314
                ],
                "end_vector": [
                    71.963,
                    15.237,
                    -40.669
                ],
                "metric_value": 6.914,
                "sequence": "FLQLMIDSQN"
            },
            {
                "label": "I",
                "chain_id": "A",
                "start": 271,
                "end": 303,
                "type": "H",
                "color": "s532",
                "start_vector": [
                    65.238,
                    5.052,
                    -33.995
                ],
                "end_vector": [
                    25.61,
                    33.17,
                    -32.288
                ],
                "metric_value": 1.536,
                "sequence": "DLELVAQSIIFIFAGYETTSSVLSFIMYELATH"
            },
            {
                "label": "J",
                "chain_id": "A",
                "start": 304,
                "end": 318,
                "type": "H",
                "color": "s554",
                "start_vector": [
                    27.481,
                    37.945,
                    -32.639
                ],
                "end_vector": [
                    41.106,
                    42.069,
                    -48.612
                ],
                "metric_value": 1.524,
                "sequence": "PDVQQKLQEEIDAVL"
            },
            {
                "label": "J'",
                "chain_id": "A",
                "start": 326,
                "end": 331,
                "type": "H",
                "color": "s575",
                "start_vector": [
                    50.852,
                    35.316,
                    -46.235
                ],
                "end_vector": [
                    46.556,
                    39.644,
                    -38.827
                ],
                "metric_value": 5.708,
                "sequence": "YDTVLQ"
            },
            {
                "label": "K",
                "chain_id": "A",
                "start": 333,
                "end": 346,
                "type": "H",
                "color": "s597",
                "start_vector": [
                    41.984,
                    41.257,
                    -37.567
                ],
                "end_vector": [
                    39.417,
                    28.191,
                    -22.473
                ],
                "metric_value": 1.553,
                "sequence": "EYLDMVVNETLRLF"
            },
            {
                "label": "K'",
                "chain_id": "A",
                "start": 377,
                "end": 382,
                "type": "h",
                "color": "s727",
                "start_vector": [
                    43.619,
                    25.413,
                    -15.483
                ],
                "end_vector": [
                    39.319,
                    33.506,
                    -15.269
                ],
                "metric_value": 2.005,
                "sequence": "SYALHR"
            },
            {
                "label": "K''",
                "chain_id": "A",
                "start": 395,
                "end": 398,
                "type": "G",
                "color": "s748",
                "start_vector": [
                    35.353,
                    40.107,
                    -26.778
                ],
                "end_vector": [
                    42.315,
                    42.809,
                    -26.175
                ],
                "metric_value": 1.791,
                "sequence": "PERF"
            },
            {
                "label": "L",
                "chain_id": "A",
                "start": 424,
                "end": 441,
                "type": "H",
                "color": "s770",
                "start_vector": [
                    54.018,
                    26.318,
                    -32.85
                ],
                "end_vector": [
                    31.854,
                    32.4,
                    -47.752
                ],
                "metric_value": 0.778,
                "sequence": "MRFALMNMKLALIRVLQN"
            },
            {
                "label": "1-1",
                "chain_id": "A",
                "start": 50,
                "end": 55,
                "type": "E",
                "sheet_id": 1,
                "color": "s164",
                "start_vector": [
                    46.743,
                    28.473,
                    -2.153
                ],
                "end_vector": [
                    46.035,
                    9.985,
                    -5.559
                ],
                "metric_value": 2.5,
                "sequence": "VWGFYD"
            },
            {
                "label": "1-2",
                "chain_id": "A",
                "start": 58,
                "end": 63,
                "type": "E",
                "sheet_id": 1,
                "color": "s186",
                "start_vector": [
                    50.732,
                    10.507,
                    -4.474
                ],
                "end_vector": [
                    48.792,
                    28.387,
                    -7.988
                ],
                "metric_value": 2.027,
                "sequence": "QPVLAI"
            },
            {
                "label": "1-5",
                "chain_id": "A",
                "start": 83,
                "end": 83,
                "type": "B",
                "sheet_id": 1,
                "color": "s229",
                "start_vector": [
                    60.286,
                    18.291,
                    -16.06
                ],
                "end_vector": [
                    57.964,
                    17.279,
                    -16.331
                ],
                "metric_value": 5.554,
                "sequence": "N"
            },
            {
                "label": "1-4",
                "chain_id": "A",
                "start": 352,
                "end": 355,
                "type": "E",
                "sheet_id": 1,
                "color": "s640",
                "start_vector": [
                    48.833,
                    22.402,
                    -17.226
                ],
                "end_vector": [
                    58.611,
                    18.2,
                    -11.119
                ],
                "metric_value": 10.064,
                "sequence": "LERV"
            },
            {
                "label": "2-1",
                "chain_id": "A",
                "start": 360,
                "end": 362,
                "type": "E",
                "sheet_id": 2,
                "color": "s662",
                "start_vector": [
                    63.237,
                    22.785,
                    -2.755
                ],
                "end_vector": [
                    59.705,
                    30.754,
                    -3.953
                ],
                "metric_value": 2.431,
                "sequence": "VEI"
            },
            {
                "label": "2-2",
                "chain_id": "A",
                "start": 365,
                "end": 367,
                "type": "E",
                "sheet_id": 2,
                "color": "s683",
                "start_vector": [
                    57.56,
                    29.504,
                    0.242
                ],
                "end_vector": [
                    58.745,
                    21.062,
                    -1.96
                ],
                "metric_value": 3.004,
                "sequence": "MFI"
            },
            {
                "label": "1-3",
                "chain_id": "A",
                "start": 372,
                "end": 375,
                "type": "E",
                "sheet_id": 1,
                "color": "s705",
                "start_vector": [
                    54.858,
                    17.899,
                    -7.976
                ],
                "end_vector": [
                    47.61,
                    25.494,
                    -13.284
                ],
                "metric_value": 1.947,
                "sequence": "VVMI"
            },
            {
                "label": "3-3",
                "chain_id": "A",
                "start": 442,
                "end": 445,
                "type": "E",
                "sheet_id": 3,
                "color": "s791",
                "start_vector": [
                    31.014,
                    31.511,
                    -46.305
                ],
                "end_vector": [
                    24.21,
                    29.28,
                    -36.507
                ],
                "metric_value": 1.6,
                "sequence": "FSFK"
            },
            {
                "label": "4-1",
                "chain_id": "A",
                "start": 456,
                "end": 456,
                "type": "B",
                "sheet_id": 4,
                "color": "s835",
                "start_vector": [
                    29.986,
                    21.384,
                    -21.379
                ],
                "end_vector": [
                    31.086,
                    19.164,
                    -20.946
                ],
                "metric_value": 12.71,
                "sequence": "L"
            },
            {
                "label": "4-2",
                "chain_id": "A",
                "start": 464,
                "end": 464,
                "type": "B",
                "sheet_id": 4,
                "color": "s878",
                "start_vector": [
                    32.822,
                    19.583,
                    -25.879
                ],
                "end_vector": [
                    30.799,
                    18.375,
                    -25.264
                ],
                "metric_value": 9.028,
                "sequence": "P"
            },
            {
                "label": "3-2",
                "chain_id": "A",
                "start": 471,
                "end": 474,
                "type": "E",
                "sheet_id": 3,
                "color": "s900",
                "start_vector": [
                    24.529,
                    24.337,
                    -39.059
                ],
                "end_vector": [
                    27.041,
                    31.16,
                    -48.828
                ],
                "metric_value": 4.778,
                "sequence": "KVES"
            }
        ],
        "beta_connectivity": [
            [
                "1-1",
                "1-2",
                -1
            ],
            [
                "1-2",
                "1-3",
                1
            ],
            [
                "1-5",
                "1-4",
                -1
            ],
            [
                "1-4",
                "1-3",
                -1
            ],
            [
                "2-1",
                "2-2",
                -1
            ],
            [
                "3-3",
                "3-2",
                -1
            ],
            [
                "4-1",
                "4-2",
                -1
            ]
        ],
        "rotation_matrix": [
            0.6376198675247866,
            0.34813884996696787,
            0.6871973848039225,
            47.14956474304197,
            0.7675160567436761,
            -0.21063179006609511,
            -0.6054364967973028,
            21.216173602440584,
            -0.06603035043305369,
            0.9134733658718401,
            -0.4015051714043775,
            -28.17332636829706,
            18.78404164503984,
            23.992462979534775,
            13.616655034021722,
            1
        ],
        "domain": {
            "name": "1tqnA",
            "pdb": "1tqn",
            "chain": "A",
            "ranges": ":"
        }
    }
}