{
    "1akd": {
        "comment": "Helix info obtained by mixed method (for helices: geometrical method with RMSD limit 1 A (accepted types: H) with further division using geometrical method with RMSD limit 1 A (accepted types: H), for sheets: hydrogen-bond-based method (similar to DSSP, accepted types: E).",
        "found": 33,
        "secondary_structure_elements": [
            { "label": "G0", "chain_id": "A", "start": 20, "end": 22, "type": "G" },
            { "label": "B1", "chain_id": "A", "start": 23, "end": 23, "type": "B", "sheet_id": 1 },
            { "label": "G2", "chain_id": "A", "start": 34, "end": 36, "type": "G" },
            { "label": "h3", "chain_id": "A", "start": 38, "end": 46, "type": "h" },
            { "label": "E4", "chain_id": "A", "start": 53, "end": 56, "type": "E", "sheet_id": 1 },
            { "label": "E5", "chain_id": "A", "start": 62, "end": 65, "type": "E", "sheet_id": 1 },
            { "label": "H6", "chain_id": "A", "start": 68, "end": 77, "type": "H" },
            { "label": "E7", "chain_id": "A", "start": 81, "end": 82, "type": "E", "sheet_id": 1 },
            { "label": "H8", "chain_id": "A", "start": 90, "end": 95, "type": "H" },
            { "label": "h9", "chain_id": "A", "start": 105, "end": 119, "type": "h" },
            { "label": "h10", "chain_id": "A", "start": 121, "end": 145, "type": "h" },
            { "label": "E11", "chain_id": "A", "start": 147, "end": 149, "type": "E", "sheet_id": 2 },
            { "label": "h12", "chain_id": "A", "start": 150, "end": 167, "type": "h" },
            { "label": "h13", "chain_id": "A", "start": 171, "end": 186, "type": "h" },
            { "label": "H14", "chain_id": "A", "start": 193, "end": 214, "type": "H" },
            { "label": "H15", "chain_id": "A", "start": 219, "end": 225, "type": "H" },
            { "label": "E16", "chain_id": "A", "start": 227, "end": 228, "type": "E", "sheet_id": 3 },
            { "label": "E17", "chain_id": "A", "start": 231, "end": 232, "type": "E", "sheet_id": 3 },
            { "label": "h18", "chain_id": "A", "start": 235, "end": 267, "type": "h" },
            { "label": "H19", "chain_id": "A", "start": 268, "end": 277, "type": "H" },
            { "label": "h20", "chain_id": "A", "start": 278, "end": 292, "type": "h" },
            { "label": "B21", "chain_id": "A", "start": 295, "end": 295, "type": "B", "sheet_id": 4 },
            { "label": "E22", "chain_id": "A", "start": 298, "end": 301, "type": "E", "sheet_id": 1 },
            { "label": "E23", "chain_id": "A", "start": 305, "end": 307, "type": "E", "sheet_id": 5 },
            { "label": "E24", "chain_id": "A", "start": 310, "end": 312, "type": "E", "sheet_id": 5 },
            { "label": "E25", "chain_id": "A", "start": 317, "end": 319, "type": "E", "sheet_id": 1 },
            { "label": "h26", "chain_id": "A", "start": 322, "end": 327, "type": "h" },
            { "label": "H27", "chain_id": "A", "start": 360, "end": 378, "type": "H" },
            { "label": "E28", "chain_id": "A", "start": 382, "end": 383, "type": "E", "sheet_id": 2 },
            { "label": "E29", "chain_id": "A", "start": 391, "end": 392, "type": "E", "sheet_id": 6 },
            { "label": "B30", "chain_id": "A", "start": 396, "end": 396, "type": "B", "sheet_id": 4 },
            { "label": "E31", "chain_id": "A", "start": 398, "end": 399, "type": "E", "sheet_id": 6 },
            { "label": "E32", "chain_id": "A", "start": 403, "end": 405, "type": "E", "sheet_id": 2 }
        ],
        "beta_connectivity": [
            [ "B1", "E4", 1 ],
            [ "E4", "E5", -1 ],
            [ "E5", "E25", 1 ],
            [ "E22", "E25", -1 ],
            [ "E7", "E22", -1 ],
            [ "E11", "E32", -1 ],
            [ "E28", "E32", -1 ],
            [ "E16", "E17", -1 ],
            [ "B21", "B30", -1 ],
            [ "E23", "E24", -1 ],
            [ "E29", "E31", -1 ]
        ]
    }
}
