{
    "1bu7": {
        "comment": "Automatic annotation for 1bu7 based on 2nnj template. Program was called with these parameters: examples/ 2nnj,A 1bu7,A,:  Total value of used metric: 167.20",
        "found": 29,
        "total_metric_value": 167.195043,
        "secondary_structure_elements": [
            { "label": "A'", "chain_id": "A", "start": 17, "end": 20, "type": "G", "color": "s121", "start_vector": [ 41.816744, 10.568446, -4.390386 ], "end_vector": [ 37.728304, 11.339028, -10.461526 ], "metric_value": 6.626677, "sequence": "LPLL" },
            { "label": "A", "chain_id": "A", "start": 25, "end": 36, "type": "H", "color": "s143", "start_vector": [ 37.676906, 16.523614, -16.713131 ], "end_vector": [ 38.205351, 28.330907, -3.382325 ], "metric_value": 4.930669, "sequence": "PVQALMKIADEL" },
            { "label": "B", "chain_id": "A", "start": 55, "end": 62, "type": "H", "color": "s208", "start_vector": [ 48.270839, 34.502952, -9.493975 ], "end_vector": [ 59.042697, 30.355524, -12.893765 ], "metric_value": 6.93703, "sequence": "QRLIKEAC" },
            { "label": "B'", "chain_id": "A", "start": 73, "end": 82, "type": "h", "color": "s251", "start_vector": [ 50.913369, 12.393545, -15.477036 ], "end_vector": [ 56.166236, 6.13754, -26.591537 ], "metric_value": 9.165001, "sequence": "QALKFVRDFA" },
            { "label": "B''", "chain_id": "A", "start": 86, "end": 88, "type": "G", "color": "s272", "start_vector": [ 58.458076, 15.015118, -28.323135 ], "end_vector": [ 59.133321, 15.832377, -23.479875 ], "metric_value": 2.203333, "sequence": "LFT" },
            { "label": "C", "chain_id": "A", "start": 94, "end": 107, "type": "h", "color": "s294", "start_vector": [ 69.952015, 14.257456, -24.383969 ], "end_vector": [ 61.436158, 27.448397, -38.767656 ], "metric_value": 4.630522, "sequence": "KNWKKAHNILLPSF" },
            { "label": "D", "chain_id": "A", "start": 109, "end": 132, "type": "h", "color": "s316", "start_vector": [ 59.551554, 29.446273, -41.968138 ], "end_vector": [ 28.01179, 19.547009, -52.270515 ], "metric_value": 9.797953, "sequence": "QQAMKGYHAMMVDIAVQLVQKWER" },
            { "label": "E", "chain_id": "A", "start": 141, "end": 158, "type": "H", "color": "s359", "start_vector": [ 31.410161, 18.685478, -35.013377 ], "end_vector": [ 55.67779, 16.280194, -45.014053 ], "metric_value": 1.741298, "sequence": "VPEDMTRLTLDTIGLCGF" },
            { "label": "F", "chain_id": "A", "start": 172, "end": 189, "type": "h", "color": "s381", "start_vector": [ 45.141496, 5.302497, -40.229044 ], "end_vector": [ 44.584172, 6.310647, -11.992159 ], "metric_value": 14.077556, "sequence": "PFITSMVRALDEAMNKLQ" },
            { "label": "G", "chain_id": "A", "start": 196, "end": 226, "type": "h", "color": "s445", "start_vector": [ 41.252235, -7.524949, -15.07423 ], "end_vector": [ 65.097446, 8.629533, -52.926425 ], "metric_value": 7.382072, "sequence": "PAYDENKRQFQEDIKVMNDLVDKIIADRKAS" },
            { "label": "H", "chain_id": "A", "start": 233, "end": 239, "type": "H", "color": "s467", "start_vector": [ 58.602468, 17.351939, -43.771218 ], "end_vector": [ 69.270378, 16.310365, -41.296178 ], "metric_value": 12.827895, "sequence": "LLTHMLN" },
            { "label": "I", "chain_id": "A", "start": 251, "end": 283, "type": "H", "color": "s532", "start_vector": [ 66.121112, 6.208028, -34.749659 ], "end_vector": [ 25.62143, 33.15486, -30.547259 ], "metric_value": 1.819925, "sequence": "DENIRYQIITFLIAGHETTSGLLSFALYFLVKN" },
            { "label": "J", "chain_id": "A", "start": 284, "end": 298, "type": "H", "color": "s554", "start_vector": [ 27.185044, 38.291201, -31.244181 ], "end_vector": [ 40.015454, 40.559723, -49.064852 ], "metric_value": 2.263247, "sequence": "PHVLQKAAEEAARVL" },
            { "label": "J'", "chain_id": "A", "start": 305, "end": 311, "type": "h", "color": "s575", "start_vector": [ 49.375626, 35.091326, -48.539715 ], "end_vector": [ 44.447637, 40.193412, -38.713855 ], "metric_value": 3.966335, "sequence": "YKQVKQL" },
            { "label": "K", "chain_id": "A", "start": 312, "end": 325, "type": "H", "color": "s597", "start_vector": [ 41.325416, 40.468305, -38.321264 ], "end_vector": [ 40.345974, 28.676371, -22.129937 ], "metric_value": 2.381273, "sequence": "KYVGMVLNEALRLW" },
            { "label": "K'", "chain_id": "A", "start": 357, "end": 362, "type": "h", "color": "s727", "start_vector": [ 43.847864, 25.701632, -16.156054 ], "end_vector": [ 41.675948, 34.860941, -15.134654 ], "metric_value": 1.533109, "sequence": "IPQLHR" },
            { "label": "K''", "chain_id": "A", "start": 376, "end": 379, "type": "G", "color": "s748", "start_vector": [ 36.074942, 40.120454, -27.143589 ], "end_vector": [ 43.114344, 43.18806, -26.842332 ], "metric_value": 3.626802, "sequence": "PERF" },
            { "label": "L", "chain_id": "A", "start": 403, "end": 420, "type": "H", "color": "s770", "start_vector": [ 54.128847, 26.766683, -33.465095 ], "end_vector": [ 30.9838, 32.743392, -46.503141 ], "metric_value": 0.820486, "sequence": "QQFALHEATLVLGMMLKH" },
            { "label": "1-1", "chain_id": "A", "start": 39, "end": 44, "type": "E", "sheet_id": 1, "color": "s164", "start_vector": [ 45.7163, 27.972042, -4.002061 ], "end_vector": [ 48.14192, 9.09001, -3.775193 ], "metric_value": 2.337537, "sequence": "IFKFEA" },
            { "label": "1-2", "chain_id": "A", "start": 47, "end": 52, "type": "E", "sheet_id": 1, "color": "s186", "start_vector": [ 53.352922, 10.575725, -4.034453 ], "end_vector": [ 47.176306, 27.671029, -9.278055 ], "metric_value": 1.451548, "sequence": "RVTRYL" },
            { "label": "1-5", "chain_id": "A", "start": 67, "end": 69, "type": "E", "sheet_id": 1, "color": "s229", "start_vector": [ 62.40174, 26.76866, -11.89479 ], "end_vector": [ 59.086247, 20.274229, -16.803636 ], "metric_value": 12.48917, "sequence": "FDK" },
            { "label": "1-4", "chain_id": "A", "start": 330, "end": 335, "type": "E", "sheet_id": 1, "color": "s640", "start_vector": [ 46.750174, 21.452454, -19.339573 ], "end_vector": [ 62.902899, 21.833528, -8.896439 ], "metric_value": 18.093919, "sequence": "AFSLYA" },
            { "label": "2-1", "chain_id": "A", "start": 339, "end": 341, "type": "E", "sheet_id": 2, "color": "s662", "start_vector": [ 63.084003, 26.784826, -2.399568 ], "end_vector": [ 55.745741, 31.63511, -3.045265 ], "metric_value": 5.787254, "sequence": "TVL" },
            { "label": "2-2", "chain_id": "A", "start": 345, "end": 347, "type": "E", "sheet_id": 2, "color": "s683", "start_vector": [ 54.573024, 29.340721, 1.162382 ], "end_vector": [ 60.007528, 23.097156, -1.484944 ], "metric_value": 4.511914, "sequence": "YPL" },
            { "label": "1-3", "chain_id": "A", "start": 352, "end": 356, "type": "E", "sheet_id": 1, "color": "s705", "start_vector": [ 56.643941, 19.278613, -7.451677 ], "end_vector": [ 45.650133, 26.178225, -15.747285 ], "metric_value": 6.016682, "sequence": "ELMVL" },
            { "label": "3-3", "chain_id": "A", "start": 421, "end": 424, "type": "E", "sheet_id": 3, "color": "s791", "start_vector": [ 29.797529, 31.580542, -46.001707 ], "end_vector": [ 23.265245, 28.463882, -36.422277 ], "metric_value": 1.820258, "sequence": "FDFE" },
            { "label": "4-1", "chain_id": "A", "start": 433, "end": 435, "type": "E", "sheet_id": 4, "color": "s835", "start_vector": [ 31.711625, 19.30705, -23.30802 ], "end_vector": [ 39.190026, 14.298028, -22.788733 ], "metric_value": 7.772109, "sequence": "IKE" },
            { "label": "4-2", "chain_id": "A", "start": 439, "end": 441, "type": "E", "sheet_id": 4, "color": "s878", "start_vector": [ 40.825629, 19.224743, -24.727979 ], "end_vector": [ 32.167819, 19.423727, -27.978714 ], "metric_value": 5.701892, "sequence": "LKP" },
            { "label": "3-2", "chain_id": "A", "start": 447, "end": 450, "type": "E", "sheet_id": 3, "color": "s900", "start_vector": [ 24.645325, 23.915613, -39.058126 ], "end_vector": [ 26.309789, 30.443681, -49.096841 ], "metric_value": 4.481577, "sequence": "KAKS" }
        ],
        "beta_connectivity": [
            [ "1-1", "1-2", -1 ],
            [ "1-2", "1-3", 1 ],
            [ "1-4", "1-3", -1 ],
            [ "1-5", "1-4", -1 ],
            [ "2-1", "2-2", -1 ],
            [ "3-3", "3-2", -1 ],
            [ "4-1", "4-2", -1 ]
        ],
        "rotation_matrix": [
            0.932115499834081,
            -0.277192217984529,
            0.233077603509817,
            47.0000588893891,
            -0.360714582685133,
            -0.653112175995442,
            0.665829914771625,
            21.1927570677802,
            -0.0323370500718971,
            -0.704704874295131,
            -0.708763257609571,
            -28.3410188644544,
            -47.9254292047249,
            -69.2953302455398,
            -43.1237028139942,
            1
        ]
    }
}
