{
    "1akd": {
        "comment": "Automatic annotation for 1akd based on 2nnj template. Total value of used metric: 267.49",
        "software": "SecStrAnnotator 2.2 [2020-07-01]",
        "args": "examples/ 2nnj,A 1akd,A,:",
        "found": 32,
        "total_metric_value": 267.49,
        "secondary_structure_elements": [
            { "label": "A'", "chain_id": "A", "start": 34, "end": 36, "type": "G", "color": "s121", "start_vector": [ 30.166, 20.06, -13.835 ], "end_vector": [ 29.908, 22.67, -18.671 ], "metric_value": 23.678, "sequence": "LSA" },
            { "label": "A", "chain_id": "A", "start": 38, "end": 46, "type": "h", "color": "s143", "start_vector": [ 34.332, 23.6, -19.715 ], "end_vector": [ 39.487, 28.008, -6.788 ], "metric_value": 12.635, "sequence": "VQEAWAVLQ" },
            { "label": "B", "chain_id": "A", "start": 68, "end": 77, "type": "H", "color": "s208", "start_vector": [ 49.001, 32.623, -11.05 ], "end_vector": [ 62.404, 26.218, -15.754 ], "metric_value": 4.175, "sequence": "GQLIREAYED" },
            { "label": "B'", "chain_id": "A", "start": 90, "end": 95, "type": "H", "color": "s251", "start_vector": [ 50.467, 7.752, -12.752 ], "end_vector": [ 57.315, 7.993, -19.465 ], "metric_value": 8.089, "sequence": "REAGEA" },
            { "label": "C", "chain_id": "A", "start": 105, "end": 119, "type": "h", "color": "s294", "start_vector": [ 69.553, 19.248, -22.742 ], "end_vector": [ 60.03, 22.087, -40.53 ], "metric_value": 4.46, "sequence": "PPEQRQFRALANQVV" },
            { "label": "D", "chain_id": "A", "start": 121, "end": 145, "type": "h", "color": "s316", "start_vector": [ 58.47, 26.446, -44.433 ], "end_vector": [ 22.725, 21.788, -50.252 ], "metric_value": 10.592, "sequence": "MPVVDKLENRIQELACSLIESLRPQ" },
            { "label": "E", "chain_id": "A", "start": 150, "end": 167, "type": "h", "color": "s359", "start_vector": [ 29.972, 18.777, -35.348 ], "end_vector": [ 53.316, 14.224, -45.737 ], "metric_value": 4.202, "sequence": "FTEDYAEPFPIRIFMLLA" },
            { "label": "F", "chain_id": "A", "start": 171, "end": 186, "type": "h", "color": "s381", "start_vector": [ 44.276, 5.003, -45.076 ], "end_vector": [ 43.608, 9.178, -21.889 ], "metric_value": 5.312, "sequence": "EEDIPHLKYLTDQMTR" },
            { "label": "G", "chain_id": "A", "start": 193, "end": 214, "type": "H", "color": "s445", "start_vector": [ 48.204, 1.019, -20.856 ], "end_vector": [ 64.475, 4.155, -48.585 ], "metric_value": 13.593, "sequence": "FAEAKEALYDYLIPIIEQRRQK" },
            { "label": "H", "chain_id": "A", "start": 219, "end": 225, "type": "H", "color": "s467", "start_vector": [ 57.246, 12.993, -43.903 ], "end_vector": [ 67.07, 11.98, -39.587 ], "metric_value": 15.245, "sequence": "AISIVAN" },
            { "label": "I", "chain_id": "A", "start": 235, "end": 267, "type": "h", "color": "s532", "start_vector": [ 67.34, 5.284, -32.822 ], "end_vector": [ 24.544, 31.263, -30.894 ], "metric_value": 1.654, "sequence": "SDEAKRMCGLLLVGGLDTVVNFLSFSMEFLAKS" },
            { "label": "J", "chain_id": "A", "start": 268, "end": 277, "type": "H", "color": "s554", "start_vector": [ 26.393, 36.291, -30.17 ], "end_vector": [ 34.129, 41.718, -41.231 ], "metric_value": 12.453, "sequence": "PEHRQELIQR" },
            { "label": "K", "chain_id": "A", "start": 278, "end": 292, "type": "h", "color": "s597", "start_vector": [ 39.673, 42.639, -40.512 ], "end_vector": [ 42.31, 29.388, -23.381 ], "metric_value": 5.51, "sequence": "PERIPAACEELLRRF" },
            { "label": "K'", "chain_id": "A", "start": 322, "end": 327, "type": "h", "color": "s727", "start_vector": [ 47.09, 24.499, -18.189 ], "end_vector": [ 43.439, 34.031, -16.681 ], "metric_value": 2.888, "sequence": "QMLSGL" },
            { "label": "L", "chain_id": "A", "start": 360, "end": 378, "type": "H", "color": "s770", "start_vector": [ 53.489, 26.511, -35.018 ], "end_vector": [ 28.956, 32.298, -44.775 ], "metric_value": 3.912, "sequence": "QHLARREIIVTLKEWLTRI" },
            { "label": "1-0", "chain_id": "A", "start": 23, "end": 23, "type": "B", "sheet_id": 1, "color": "s100", "start_vector": [ 44.595, 20.861, 1.468 ], "end_vector": [ 42.67, 20.246, 0.058 ], "metric_value": 7.767, "sequence": "V" },
            { "label": "1-1", "chain_id": "A", "start": 53, "end": 56, "type": "E", "sheet_id": 1, "color": "s164", "start_vector": [ 48.494, 27.251, -3.945 ], "end_vector": [ 45.043, 15.431, -3.303 ], "metric_value": 8.593, "sequence": "LVWT" },
            { "label": "1-2", "chain_id": "A", "start": 62, "end": 65, "type": "E", "sheet_id": 1, "color": "s186", "start_vector": [ 49.737, 14.824, -5.756 ], "end_vector": [ 48.157, 26.269, -9.18 ], "metric_value": 8.14, "sequence": "HWIA" },
            { "label": "1-5", "chain_id": "A", "start": 81, "end": 82, "type": "E", "sheet_id": 1, "color": "s229", "start_vector": [ 62.157, 21.581, -11.187 ], "end_vector": [ 60.826, 18.329, -15.578 ], "metric_value": 8.359, "sequence": "FS" },
            { "label": "3-1", "chain_id": "A", "start": 147, "end": 149, "type": "E", "sheet_id": 3, "color": "s337", "start_vector": [ 22.606, 20.863, -41.8 ], "end_vector": [ 29.331, 17.732, -36.527 ], "metric_value": 10.41, "sequence": "QCN" },
            { "label": "5-1", "chain_id": "A", "start": 227, "end": 228, "type": "E", "sheet_id": 5, "color": "s489", "start_vector": [ 69.648, 15.112, -38.309 ], "end_vector": [ 72.317, 17.957, -34.059 ], "metric_value": 15.553, "sequence": "QV" },
            { "label": "5-2", "chain_id": "A", "start": 231, "end": 232, "type": "E", "sheet_id": 5, "color": "s510", "start_vector": [ 75.433, 15.389, -35.802 ], "end_vector": [ 71.702, 11.44, -36.123 ], "metric_value": 9.886, "sequence": "RP" },
            { "label": "6-1", "chain_id": "A", "start": 295, "end": 295, "type": "B", "sheet_id": 6, "color": "s618", "start_vector": [ 44.894, 22.657, -22.555 ], "end_vector": [ 46.378, 21.897, -20.71 ], "metric_value": 2.243, "sequence": "V" },
            { "label": "1-4", "chain_id": "A", "start": 298, "end": 301, "type": "E", "sheet_id": 1, "color": "s640", "start_vector": [ 52.308, 19.096, -16.427 ], "end_vector": [ 61.801, 16.961, -8.43 ], "metric_value": 9.524, "sequence": "GRIL" },
            { "label": "2-1", "chain_id": "A", "start": 305, "end": 307, "type": "E", "sheet_id": 2, "color": "s662", "start_vector": [ 62.56, 22.072, -1.773 ], "end_vector": [ 57.35, 28.637, -2.318 ], "metric_value": 3.3, "sequence": "YEF" },
            { "label": "2-2", "chain_id": "A", "start": 310, "end": 312, "type": "E", "sheet_id": 2, "color": "s683", "start_vector": [ 55.518, 26.73, 1.539 ], "end_vector": [ 58.35, 19.311, -1.23 ], "metric_value": 3.524, "sequence": "VQL" },
            { "label": "1-3", "chain_id": "A", "start": 317, "end": 319, "type": "E", "sheet_id": 1, "color": "s705", "start_vector": [ 55.148, 15.635, -7.64 ], "end_vector": [ 50.381, 21.451, -12.692 ], "metric_value": 5.905, "sequence": "QIL" },
            { "label": "3-3", "chain_id": "A", "start": 382, "end": 383, "type": "E", "sheet_id": 3, "color": "s791", "start_vector": [ 23.371, 27.863, -35.54 ], "end_vector": [ 22.022, 23.728, -32.612 ], "metric_value": 18.434, "sequence": "SI" },
            { "label": "4-1", "chain_id": "A", "start": 391, "end": 392, "type": "E", "sheet_id": 4, "color": "s835", "start_vector": [ 31.24, 17.906, -22.691 ], "end_vector": [ 36.563, 16.331, -20.571 ], "metric_value": 4.127, "sequence": "HK" },
            { "label": "6-2", "chain_id": "A", "start": 396, "end": 396, "type": "B", "sheet_id": 6, "color": "s856", "start_vector": [ 44.465, 16.841, -22.524 ], "end_vector": [ 42.317, 17.575, -23.327 ], "metric_value": 3.859, "sequence": "V" },
            { "label": "4-2", "chain_id": "A", "start": 398, "end": 399, "type": "E", "sheet_id": 4, "color": "s878", "start_vector": [ 38.343, 18.262, -24.629 ], "end_vector": [ 33.283, 16.73, -26.97 ], "metric_value": 2.649, "sequence": "GV" },
            { "label": "3-2", "chain_id": "A", "start": 403, "end": 405, "type": "E", "sheet_id": 3, "color": "s900", "start_vector": [ 26.662, 19.332, -32.886 ], "end_vector": [ 21.89, 24.745, -38.699 ], "metric_value": 16.817, "sequence": "PLV" }
        ],
        "beta_connectivity": [
            [ "1-0", "1-1", 1 ],
            [ "1-1", "1-2", -1 ],
            [ "1-2", "1-3", 1 ],
            [ "1-5", "1-4", -1 ],
            [ "3-1", "3-2", -1 ],
            [ "5-1", "5-2", -1 ],
            [ "6-1", "6-2", -1 ],
            [ "1-4", "1-3", -1 ],
            [ "2-1", "2-2", -1 ],
            [ "3-3", "3-2", -1 ],
            [ "4-1", "4-2", -1 ]
        ],
        "rotation_matrix": [
            -0.42609543645822945,
            -0.15697177013960273,
            -0.8909559710831457,
            46.558611646611666,
            -0.904371765411414,
            0.04827569784086172,
            0.4240060930277065,
            21.104444135020067,
            -0.02354546572301472,
            0.9864224857418946,
            -0.16253089142273466,
            -27.40571542123848,
            -15.733989360395505,
            -23.247702105327477,
            -13.437087803380562,
            1
        ]
    }
}
