{
    "1bu7": {
        "comment": "Automatic annotation for 1bu7 based on 2nnj template. Total value of used metric: 167.20",
        "software": "SecStrAnnotator 2.2 [2020-07-01]",
        "args": "examples/ 2nnj,A 1bu7,A,:",
        "found": 29,
        "total_metric_value": 167.195,
        "secondary_structure_elements": [
            { "label": "A'", "chain_id": "A", "start": 17, "end": 20, "type": "G", "color": "s121", "start_vector": [ 41.817, 10.568, -4.39 ], "end_vector": [ 37.728, 11.339, -10.462 ], "metric_value": 6.627, "sequence": "LPLL" },
            { "label": "A", "chain_id": "A", "start": 25, "end": 36, "type": "H", "color": "s143", "start_vector": [ 37.677, 16.524, -16.713 ], "end_vector": [ 38.205, 28.331, -3.382 ], "metric_value": 4.931, "sequence": "PVQALMKIADEL" },
            { "label": "B", "chain_id": "A", "start": 55, "end": 62, "type": "H", "color": "s208", "start_vector": [ 48.271, 34.503, -9.494 ], "end_vector": [ 59.043, 30.356, -12.894 ], "metric_value": 6.937, "sequence": "QRLIKEAC" },
            { "label": "B'", "chain_id": "A", "start": 73, "end": 82, "type": "h", "color": "s251", "start_vector": [ 50.913, 12.394, -15.477 ], "end_vector": [ 56.166, 6.138, -26.592 ], "metric_value": 9.165, "sequence": "QALKFVRDFA" },
            { "label": "B''", "chain_id": "A", "start": 86, "end": 88, "type": "G", "color": "s272", "start_vector": [ 58.458, 15.015, -28.323 ], "end_vector": [ 59.133, 15.832, -23.48 ], "metric_value": 2.203, "sequence": "LFT" },
            { "label": "C", "chain_id": "A", "start": 94, "end": 107, "type": "h", "color": "s294", "start_vector": [ 69.952, 14.257, -24.384 ], "end_vector": [ 61.436, 27.448, -38.768 ], "metric_value": 4.631, "sequence": "KNWKKAHNILLPSF" },
            { "label": "D", "chain_id": "A", "start": 109, "end": 132, "type": "h", "color": "s316", "start_vector": [ 59.552, 29.446, -41.968 ], "end_vector": [ 28.012, 19.547, -52.271 ], "metric_value": 9.798, "sequence": "QQAMKGYHAMMVDIAVQLVQKWER" },
            { "label": "E", "chain_id": "A", "start": 141, "end": 158, "type": "H", "color": "s359", "start_vector": [ 31.41, 18.685, -35.013 ], "end_vector": [ 55.678, 16.28, -45.014 ], "metric_value": 1.741, "sequence": "VPEDMTRLTLDTIGLCGF" },
            { "label": "F", "chain_id": "A", "start": 172, "end": 189, "type": "h", "color": "s381", "start_vector": [ 45.141, 5.302, -40.229 ], "end_vector": [ 44.584, 6.311, -11.992 ], "metric_value": 14.078, "sequence": "PFITSMVRALDEAMNKLQ" },
            { "label": "G", "chain_id": "A", "start": 196, "end": 226, "type": "h", "color": "s445", "start_vector": [ 41.252, -7.525, -15.074 ], "end_vector": [ 65.097, 8.63, -52.926 ], "metric_value": 7.382, "sequence": "PAYDENKRQFQEDIKVMNDLVDKIIADRKAS" },
            { "label": "H", "chain_id": "A", "start": 233, "end": 239, "type": "H", "color": "s467", "start_vector": [ 58.602, 17.352, -43.771 ], "end_vector": [ 69.27, 16.31, -41.296 ], "metric_value": 12.828, "sequence": "LLTHMLN" },
            { "label": "I", "chain_id": "A", "start": 251, "end": 283, "type": "H", "color": "s532", "start_vector": [ 66.121, 6.208, -34.75 ], "end_vector": [ 25.621, 33.155, -30.547 ], "metric_value": 1.82, "sequence": "DENIRYQIITFLIAGHETTSGLLSFALYFLVKN" },
            { "label": "J", "chain_id": "A", "start": 284, "end": 298, "type": "H", "color": "s554", "start_vector": [ 27.185, 38.291, -31.244 ], "end_vector": [ 40.015, 40.56, -49.065 ], "metric_value": 2.263, "sequence": "PHVLQKAAEEAARVL" },
            { "label": "J'", "chain_id": "A", "start": 305, "end": 311, "type": "h", "color": "s575", "start_vector": [ 49.376, 35.091, -48.54 ], "end_vector": [ 44.448, 40.193, -38.714 ], "metric_value": 3.966, "sequence": "YKQVKQL" },
            { "label": "K", "chain_id": "A", "start": 312, "end": 325, "type": "H", "color": "s597", "start_vector": [ 41.325, 40.468, -38.321 ], "end_vector": [ 40.346, 28.676, -22.13 ], "metric_value": 2.381, "sequence": "KYVGMVLNEALRLW" },
            { "label": "K'", "chain_id": "A", "start": 357, "end": 362, "type": "h", "color": "s727", "start_vector": [ 43.848, 25.702, -16.156 ], "end_vector": [ 41.676, 34.861, -15.135 ], "metric_value": 1.533, "sequence": "IPQLHR" },
            { "label": "K''", "chain_id": "A", "start": 376, "end": 379, "type": "G", "color": "s748", "start_vector": [ 36.075, 40.12, -27.144 ], "end_vector": [ 43.114, 43.188, -26.842 ], "metric_value": 3.627, "sequence": "PERF" },
            { "label": "L", "chain_id": "A", "start": 403, "end": 420, "type": "H", "color": "s770", "start_vector": [ 54.129, 26.767, -33.465 ], "end_vector": [ 30.984, 32.743, -46.503 ], "metric_value": 0.82, "sequence": "QQFALHEATLVLGMMLKH" },
            { "label": "1-1", "chain_id": "A", "start": 39, "end": 44, "type": "E", "sheet_id": 1, "color": "s164", "start_vector": [ 45.716, 27.972, -4.002 ], "end_vector": [ 48.142, 9.09, -3.775 ], "metric_value": 2.338, "sequence": "IFKFEA" },
            { "label": "1-2", "chain_id": "A", "start": 47, "end": 52, "type": "E", "sheet_id": 1, "color": "s186", "start_vector": [ 53.353, 10.576, -4.034 ], "end_vector": [ 47.176, 27.671, -9.278 ], "metric_value": 1.452, "sequence": "RVTRYL" },
            { "label": "1-5", "chain_id": "A", "start": 67, "end": 69, "type": "E", "sheet_id": 1, "color": "s229", "start_vector": [ 62.402, 26.769, -11.895 ], "end_vector": [ 59.086, 20.274, -16.804 ], "metric_value": 12.489, "sequence": "FDK" },
            { "label": "1-4", "chain_id": "A", "start": 330, "end": 335, "type": "E", "sheet_id": 1, "color": "s640", "start_vector": [ 46.75, 21.452, -19.34 ], "end_vector": [ 62.903, 21.834, -8.896 ], "metric_value": 18.094, "sequence": "AFSLYA" },
            { "label": "2-1", "chain_id": "A", "start": 339, "end": 341, "type": "E", "sheet_id": 2, "color": "s662", "start_vector": [ 63.084, 26.785, -2.4 ], "end_vector": [ 55.746, 31.635, -3.045 ], "metric_value": 5.787, "sequence": "TVL" },
            { "label": "2-2", "chain_id": "A", "start": 345, "end": 347, "type": "E", "sheet_id": 2, "color": "s683", "start_vector": [ 54.573, 29.341, 1.162 ], "end_vector": [ 60.008, 23.097, -1.485 ], "metric_value": 4.512, "sequence": "YPL" },
            { "label": "1-3", "chain_id": "A", "start": 352, "end": 356, "type": "E", "sheet_id": 1, "color": "s705", "start_vector": [ 56.644, 19.279, -7.452 ], "end_vector": [ 45.65, 26.178, -15.747 ], "metric_value": 6.017, "sequence": "ELMVL" },
            { "label": "3-3", "chain_id": "A", "start": 421, "end": 424, "type": "E", "sheet_id": 3, "color": "s791", "start_vector": [ 29.798, 31.581, -46.002 ], "end_vector": [ 23.265, 28.464, -36.422 ], "metric_value": 1.82, "sequence": "FDFE" },
            { "label": "4-1", "chain_id": "A", "start": 433, "end": 435, "type": "E", "sheet_id": 4, "color": "s835", "start_vector": [ 31.712, 19.307, -23.308 ], "end_vector": [ 39.19, 14.298, -22.789 ], "metric_value": 7.772, "sequence": "IKE" },
            { "label": "4-2", "chain_id": "A", "start": 439, "end": 441, "type": "E", "sheet_id": 4, "color": "s878", "start_vector": [ 40.826, 19.225, -24.728 ], "end_vector": [ 32.168, 19.424, -27.979 ], "metric_value": 5.702, "sequence": "LKP" },
            { "label": "3-2", "chain_id": "A", "start": 447, "end": 450, "type": "E", "sheet_id": 3, "color": "s900", "start_vector": [ 24.645, 23.916, -39.058 ], "end_vector": [ 26.31, 30.444, -49.097 ], "metric_value": 4.482, "sequence": "KAKS" }
        ],
        "beta_connectivity": [
            [ "1-1", "1-2", -1 ],
            [ "1-2", "1-3", 1 ],
            [ "1-5", "1-4", -1 ],
            [ "1-4", "1-3", -1 ],
            [ "2-1", "2-2", -1 ],
            [ "3-3", "3-2", -1 ],
            [ "4-1", "4-2", -1 ]
        ],
        "rotation_matrix": [
            0.9321154998340809,
            -0.27719221798452875,
            0.2330776035098165,
            47.00005888938906,
            -0.36071458268513285,
            -0.653112175995442,
            0.6658299147716251,
            21.19275706778016,
            -0.03233705007189726,
            -0.7047048742951312,
            -0.7087632576095712,
            -28.341018864454444,
            -47.925429204724864,
            -69.29533024553982,
            -43.12370281399417,
            1
        ]
    }
}
