{
    "data_dir": "/home/adam/Workspace/C#/SecStrAnnot2_data/SecStrAPI/CytochromesP450-20210907",
    "cath_family_id": "1.10.630.10",
    "pfam_family_id": "PF00067",
    "api_version": "1.0",
    "structure_cache_dir": "/home/adam/Workspace/C#/SecStrAnnot2_data/SecStrAPI/cached_structures",
    "template_domain": "2NNJ,A,:",
    "template_annotation_file": "/home/adam/Workspace/C#/SecStrAnnot2_data/SecStrAPI/2NNJ-template-strict.sses.json",
    "template_structure_file": "/home/adam/Workspace/C#/SecStrAnnot2_data/SecStrAPI/2NNJ-canonical_rotation.cif",
    "n_threads": "8",
    "secstrannotator_dll": null,
    "secstrannotator_options": "--soft  --label2auth  --maxmetric 25,0.5,0.5  --verbose",
    "sses_for_generic_numbering": "B,C,E,H,I,J,K,L,J',K',K'',1-1,1-2,1-3,1-4,1-5,2-2,3-1,3-2"
}