{
    "2nnj": {
        "comment": "Manually created template annotation for 2nnj, chain A",
        "numbering": "label",
		"secondary_structure_elements": [
            { "label": "A'", "chain_id": "A", "start": 24, "end": 26, "type": "H", "color": "s121" },
            { "label": "A", "chain_id": "A", "start": 32, "end": 43, "type": "H", "color": "s143" },
            { "label": "B", "chain_id": "A", "start": 62, "end": 72, "type": "H", "color": "s208" },
            { "label": "B'", "chain_id": "A", "start": 83, "end": 89, "type": "H", "color": "s251" },
            { "label": "B''", "chain_id": "A", "start": 94, "end": 96, "type": "H", "color": "s272", "comment": "Added artificially" },
            { "label": "C", "chain_id": "A", "start": 99, "end": 113, "type": "H", "color": "s294" },
            { "label": "D", "chain_id": "A", "start": 123, "end": 141, "type": "H", "color": "s316" },
            { "label": "E", "chain_id": "A", "start": 148, "end": 165, "type": "H", "color": "s359" },
            { "label": "F", "chain_id": "A", "start": 174, "end": 191, "type": "H", "color": "s381" },
            { "label": "F'", "chain_id": "A", "start": 193, "end": 201, "type": "H", "color": "s402" },
            { "label": "G'", "chain_id": "A", "start": 202, "end": 208, "type": "H", "color": "s424" },
            { "label": "G", "chain_id": "A", "start": 209, "end": 236, "type": "H", "color": "s445" },
            { "label": "H", "chain_id": "A", "start": 245, "end": 256, "type": "H", "color": "s467" },
            { "label": "I", "chain_id": "A", "start": 266, "end": 298, "type": "H", "color": "s532" },
            { "label": "J", "chain_id": "A", "start": 299, "end": 313, "type": "H", "color": "s554" },
            { "label": "J'", "chain_id": "A", "start": 321, "end": 327, "type": "H", "color": "s575" },
            { "label": "K", "chain_id": "A", "start": 328, "end": 341, "type": "H", "color": "s597" },
            { "label": "K'", "chain_id": "A", "start": 373, "end": 378, "type": "H", "color": "s727" },
            { "label": "K''", "chain_id": "A", "start": 391, "end": 394, "type": "H", "color": "s748" },
            { "label": "L", "chain_id": "A", "start": 420, "end": 437, "type": "H", "color": "s770" },
            { "label": "L'", "chain_id": "A", "start": 446, "end": 448, "type": "H", "color": "s813" },
            
            { "label": "1-0", "chain_id": "A", "start": 14, "end": 14, "type": "E", "sheet_id": 1, "color": "s100", "comment": "Added artificially" },
            { "label": "1-1", "chain_id": "A", "start": 46, "end": 51, "type": "E", "sheet_id": 1, "color": "s164" },
            { "label": "1-2", "chain_id": "A", "start": 54, "end": 59, "type": "E", "sheet_id": 1 , "color": "s186" },
            { "label": "1-5", "chain_id": "A", "start": 78, "end": 79, "type": "E", "sheet_id": 1, "color": "s229" },
            { "label": "3-1", "chain_id": "A", "start": 146, "end": 146, "type": "E", "sheet_id": 3, "color": "s337" },
			{ "label": "5-1", "chain_id": "A", "start": 257, "end": 257, "type": "E", "sheet_id": 5, "color": "s489", "comment": "Added artificially" },
			{ "label": "5-2", "chain_id": "A", "start": 262, "end": 262, "type": "E", "sheet_id": 5, "color": "s510", "comment": "Added artificially" },
			{ "label": "6-1", "chain_id": "A", "start": 344, "end": 344, "type": "E", "sheet_id": 6, "color": "s618", "comment": "Added artificially" }, 
            { "label": "1-4", "chain_id": "A", "start": 350, "end": 351, "type": "E", "sheet_id": 1, "color": "s640" },
            { "label": "2-1", "chain_id": "A", "start": 356, "end": 358, "type": "E", "sheet_id": 2, "color": "s662" },
            { "label": "2-2", "chain_id": "A", "start": 361, "end": 363, "type": "E", "sheet_id": 2, "color": "s683" },
            { "label": "1-3", "chain_id": "A", "start": 368, "end": 371, "type": "E", "sheet_id": 1, "color": "s705" },
            { "label": "3-3", "chain_id": "A", "start": 438, "end": 441, "type": "E", "sheet_id": 3, "color": "s791" },
            { "label": "4-1", "chain_id": "A", "start": 455, "end": 456, "type": "E", "sheet_id": 4, "color": "s835" },
            { "label": "6-2", "chain_id": "A", "start": 459, "end": 459, "type": "E", "sheet_id": 6, "color": "s856", "comment": "Added artificially" },
            { "label": "4-2", "chain_id": "A", "start": 460, "end": 461, "type": "E", "sheet_id": 4, "color": "s878" },
            { "label": "3-2", "chain_id": "A", "start": 467, "end": 471, "type": "E", "sheet_id": 3, "color": "s900", "comment": "Created by joining 2 SSEs: B42, E43." }
        ],
        "beta_connectivity": [
            [ "1-0", "1-1", 1 ],
            [ "1-1", "1-2", -1 ],
            [ "1-2", "1-3", 1 ],
            [ "1-4", "1-3", -1 ],
            [ "1-5", "1-4", -1 ],
            [ "3-1", "3-2", -1 ],
            [ "2-1", "2-2", -1 ],
            [ "3-3", "3-2", -1 ],
            [ "4-1", "4-2", -1 ],
			[ "5-1", "5-2", -1 ],
			[ "6-1", "6-2", -1 ] 
        ]
    }
}
