{
    "1tqn": {
        "comment": "Automatic annotation for 1tqn based on 2nnj template. Program was called with these parameters: examples/ 2nnj,A 1tqn,A  Total value of used metric: 178.21",
        "found": 30,
        "total_metric_value": 178.21367300000003,
        "secondary_structure_elements": [
            { "label": "A'", "chain_id": "A", "start": 29, "end": 32, "type": "G", "color": "s121", "start_vector": [ 39.823617, 11.106878, -5.352985 ], "end_vector": [ 34.702072, 14.140297, -10.061208 ], "metric_value": 8.543876, "sequence": "ILSY" },
            { "label": "A", "chain_id": "A", "start": 36, "end": 47, "type": "H", "color": "s143", "start_vector": [ 36.708275, 18.807774, -15.371817 ], "end_vector": [ 39.570205, 29.416419, -1.418628 ], "metric_value": 2.978761, "sequence": "FCMFDMECHKKY" },
            { "label": "B", "chain_id": "A", "start": 66, "end": 76, "type": "h", "color": "s208", "start_vector": [ 51.655045, 34.666739, -9.407605 ], "end_vector": [ 62.602989, 26.961043, -15.699045 ], "metric_value": 3.830836, "sequence": "PDMIKTVLVKE" },
            { "label": "B'", "chain_id": "A", "start": 91, "end": 95, "type": "G", "color": "s251", "start_vector": [ 56.915417, 2.441674, -26.366968 ], "end_vector": [ 60.770833, 10.441354, -26.158311 ], "metric_value": 16.262966, "sequence": "GFMKS" },
            { "label": "C", "chain_id": "A", "start": 102, "end": 116, "type": "h", "color": "s294", "start_vector": [ 67.790847, 14.540738, -20.306 ], "end_vector": [ 62.564272, 24.913523, -38.072377 ], "metric_value": 1.673154, "sequence": "DEEWKRLRSLLSPTF" },
            { "label": "D", "chain_id": "A", "start": 118, "end": 145, "type": "h", "color": "s316", "start_vector": [ 60.909486, 28.269448, -42.566424 ], "end_vector": [ 22.478479, 19.924799, -52.063646 ], "metric_value": 13.92224, "sequence": "SGKLKEMVPIIAQYGDVLVRNLRREAET" },
            { "label": "E", "chain_id": "A", "start": 151, "end": 167, "type": "H", "color": "s359", "start_vector": [ 30.576602, 18.270901, -36.623758 ], "end_vector": [ 54.672828, 16.327285, -45.482752 ], "metric_value": 2.487066, "sequence": "LKDVFGAYSMDVITSTS" },
            { "label": "F", "chain_id": "A", "start": 181, "end": 189, "type": "h", "color": "s381", "start_vector": [ 45.15958, 4.646548, -45.771571 ], "end_vector": [ 43.962699, 8.902793, -31.599506 ], "metric_value": 17.990856, "sequence": "PFVENTKKL" },
            { "label": "F'", "chain_id": "A", "start": 197, "end": 205, "type": "H", "color": "s402", "start_vector": [ 39.916603, 4.693574, -18.362938 ], "end_vector": [ 48.171664, 3.61274, -8.896278 ], "metric_value": 3.85512, "sequence": "PFFLSITVF" },
            { "label": "G'", "chain_id": "A", "start": 206, "end": 215, "type": "h", "color": "s424", "start_vector": [ 51.050237, 1.530181, -8.580885 ], "end_vector": [ 56.844302, -5.583287, -22.33707 ], "metric_value": 13.51094, "sequence": "PFLIPILEVL" },
            { "label": "G", "chain_id": "A", "start": 222, "end": 242, "type": "h", "color": "s445", "start_vector": [ 48.487287, -0.493763, -32.166458 ], "end_vector": [ 67.428693, 9.803869, -55.003654 ], "metric_value": 15.706286, "sequence": "REVTNFLRKSVKRMKESRLED" },
            { "label": "H", "chain_id": "A", "start": 250, "end": 259, "type": "H", "color": "s467", "start_vector": [ 57.615956, 16.7286, -43.314194 ], "end_vector": [ 71.962673, 15.237236, -40.66939 ], "metric_value": 6.914104, "sequence": "FLQLMIDSQN" },
            { "label": "I", "chain_id": "A", "start": 271, "end": 303, "type": "H", "color": "s532", "start_vector": [ 65.238075, 5.051533, -33.994734 ], "end_vector": [ 25.610286, 33.169995, -32.287918 ], "metric_value": 1.535776, "sequence": "DLELVAQSIIFIFAGYETTSSVLSFIMYELATH" },
            { "label": "J", "chain_id": "A", "start": 304, "end": 318, "type": "H", "color": "s554", "start_vector": [ 27.480754, 37.944902, -32.638587 ], "end_vector": [ 41.106153, 42.069419, -48.611656 ], "metric_value": 1.524262, "sequence": "PDVQQKLQEEIDAVL" },
            { "label": "J'", "chain_id": "A", "start": 326, "end": 331, "type": "H", "color": "s575", "start_vector": [ 50.85198, 35.316413, -46.23529 ], "end_vector": [ 46.555654, 39.643962, -38.827342 ], "metric_value": 5.707655, "sequence": "YDTVLQ" },
            { "label": "K", "chain_id": "A", "start": 333, "end": 346, "type": "H", "color": "s597", "start_vector": [ 41.983965, 41.256661, -37.567063 ], "end_vector": [ 39.417308, 28.190707, -22.473078 ], "metric_value": 1.553458, "sequence": "EYLDMVVNETLRLF" },
            { "label": "K'", "chain_id": "A", "start": 377, "end": 382, "type": "h", "color": "s727", "start_vector": [ 43.619252, 25.412836, -15.482932 ], "end_vector": [ 39.319344, 33.506071, -15.268863 ], "metric_value": 2.004662, "sequence": "SYALHR" },
            { "label": "K''", "chain_id": "A", "start": 395, "end": 398, "type": "G", "color": "s748", "start_vector": [ 35.352721, 40.107182, -26.778497 ], "end_vector": [ 42.315092, 42.809472, -26.175261 ], "metric_value": 1.790683, "sequence": "PERF" },
            { "label": "L", "chain_id": "A", "start": 424, "end": 441, "type": "H", "color": "s770", "start_vector": [ 54.018044, 26.318138, -32.849723 ], "end_vector": [ 31.853725, 32.400317, -47.751641 ], "metric_value": 0.777648, "sequence": "MRFALMNMKLALIRVLQN" },
            { "label": "1-1", "chain_id": "A", "start": 50, "end": 55, "type": "E", "sheet_id": 1, "color": "s164", "start_vector": [ 46.743158, 28.473183, -2.153201 ], "end_vector": [ 46.035232, 9.984595, -5.559076 ], "metric_value": 2.500169, "sequence": "VWGFYD" },
            { "label": "1-2", "chain_id": "A", "start": 58, "end": 63, "type": "E", "sheet_id": 1, "color": "s186", "start_vector": [ 50.731879, 10.507179, -4.474244 ], "end_vector": [ 48.791863, 28.387395, -7.98751 ], "metric_value": 2.026587, "sequence": "QPVLAI" },
            { "label": "1-5", "chain_id": "A", "start": 83, "end": 83, "type": "B", "sheet_id": 1, "color": "s229", "start_vector": [ 60.286, 18.291, -16.06 ], "end_vector": [ 57.964, 17.279, -16.331 ], "metric_value": 5.553772, "sequence": "N" },
            { "label": "1-4", "chain_id": "A", "start": 352, "end": 355, "type": "E", "sheet_id": 1, "color": "s640", "start_vector": [ 48.832599, 22.402029, -17.225939 ], "end_vector": [ 58.611244, 18.200133, -11.118646 ], "metric_value": 10.064231, "sequence": "LERV" },
            { "label": "2-1", "chain_id": "A", "start": 360, "end": 362, "type": "E", "sheet_id": 2, "color": "s662", "start_vector": [ 63.237065, 22.785445, -2.754624 ], "end_vector": [ 59.705154, 30.753799, -3.953378 ], "metric_value": 2.431003, "sequence": "VEI" },
            { "label": "2-2", "chain_id": "A", "start": 365, "end": 367, "type": "E", "sheet_id": 2, "color": "s683", "start_vector": [ 57.560403, 29.504142, 0.241627 ], "end_vector": [ 58.744765, 21.061901, -1.959819 ], "metric_value": 3.004488, "sequence": "MFI" },
            { "label": "1-3", "chain_id": "A", "start": 372, "end": 375, "type": "E", "sheet_id": 1, "color": "s705", "start_vector": [ 54.857944, 17.898521, -7.975563 ], "end_vector": [ 47.609672, 25.494432, -13.283513 ], "metric_value": 1.946852, "sequence": "VVMI" },
            { "label": "3-3", "chain_id": "A", "start": 442, "end": 445, "type": "E", "sheet_id": 3, "color": "s791", "start_vector": [ 31.013825, 31.510631, -46.305168 ], "end_vector": [ 24.210298, 29.280112, -36.507248 ], "metric_value": 1.600058, "sequence": "FSFK" },
            { "label": "4-1", "chain_id": "A", "start": 456, "end": 456, "type": "B", "sheet_id": 4, "color": "s835", "start_vector": [ 29.986, 21.384, -21.379 ], "end_vector": [ 31.086, 19.164, -20.946 ], "metric_value": 12.710129, "sequence": "L" },
            { "label": "4-2", "chain_id": "A", "start": 464, "end": 464, "type": "B", "sheet_id": 4, "color": "s878", "start_vector": [ 32.822, 19.583, -25.879 ], "end_vector": [ 30.799, 18.375, -25.264 ], "metric_value": 9.027881, "sequence": "P" },
            { "label": "3-2", "chain_id": "A", "start": 471, "end": 474, "type": "E", "sheet_id": 3, "color": "s900", "start_vector": [ 24.528879, 24.336926, -39.05857 ], "end_vector": [ 27.041382, 31.159737, -48.828391 ], "metric_value": 4.778154, "sequence": "KVES" }
        ],
        "beta_connectivity": [
            [ "1-1", "1-2", -1 ],
            [ "1-2", "1-3", 1 ],
            [ "1-5", "1-4", -1 ],
            [ "1-4", "1-3", -1 ],
            [ "2-1", "2-2", -1 ],
            [ "3-3", "3-2", -1 ],
            [ "4-1", "4-2", -1 ]
        ],
        "rotation_matrix": [
            0.6376198675247864,
            0.348138849966968,
            0.6871973848039226,
            47.14956474304197,
            0.7675160567436758,
            -0.21063179006609528,
            -0.6054364967973026,
            21.216173602440584,
            -0.0660303504330537,
            0.9134733658718402,
            -0.4015051714043774,
            -28.17332636829706,
            18.78404164503984,
            23.992462979534775,
            13.616655034021722,
            1
        ]
    }
}
