{
    "1akd": {
        "comment": "Automatic annotation for 1akd based on 2nnj template. Program was called with these parameters: examples/ 2nnj,A 1akd,A,:  Total value of used metric: 267.49",
        "found": 32,
        "total_metric_value": 267.489578,
        "secondary_structure_elements": [
            { "label": "A'", "chain_id": "A", "start": 34, "end": 36, "type": "G", "color": "s121", "start_vector": [ 30.166462, 20.060154, -13.835287 ], "end_vector": [ 29.908184, 22.670137, -18.671231 ], "metric_value": 23.678468, "sequence": "LSA" },
            { "label": "A", "chain_id": "A", "start": 38, "end": 46, "type": "h", "color": "s143", "start_vector": [ 34.33229, 23.600449, -19.715283 ], "end_vector": [ 39.487421, 28.008464, -6.787553 ], "metric_value": 12.635111, "sequence": "VQEAWAVLQ" },
            { "label": "B", "chain_id": "A", "start": 68, "end": 77, "type": "H", "color": "s208", "start_vector": [ 49.00127, 32.623357, -11.050274 ], "end_vector": [ 62.40423, 26.218045, -15.753702 ], "metric_value": 4.175264, "sequence": "GQLIREAYED" },
            { "label": "B'", "chain_id": "A", "start": 90, "end": 95, "type": "H", "color": "s251", "start_vector": [ 50.466714, 7.752475, -12.751969 ], "end_vector": [ 57.314817, 7.992617, -19.464999 ], "metric_value": 8.088852, "sequence": "REAGEA" },
            { "label": "C", "chain_id": "A", "start": 105, "end": 119, "type": "h", "color": "s294", "start_vector": [ 69.552779, 19.2484, -22.741707 ], "end_vector": [ 60.030205, 22.087234, -40.529988 ], "metric_value": 4.459689, "sequence": "PPEQRQFRALANQVV" },
            { "label": "D", "chain_id": "A", "start": 121, "end": 145, "type": "h", "color": "s316", "start_vector": [ 58.469999, 26.445931, -44.432683 ], "end_vector": [ 22.724936, 21.787648, -50.252432 ], "metric_value": 10.591888, "sequence": "MPVVDKLENRIQELACSLIESLRPQ" },
            { "label": "E", "chain_id": "A", "start": 150, "end": 167, "type": "h", "color": "s359", "start_vector": [ 29.971918, 18.776702, -35.34769 ], "end_vector": [ 53.316426, 14.224388, -45.737181 ], "metric_value": 4.202224, "sequence": "FTEDYAEPFPIRIFMLLA" },
            { "label": "F", "chain_id": "A", "start": 171, "end": 186, "type": "h", "color": "s381", "start_vector": [ 44.275747, 5.003035, -45.075677 ], "end_vector": [ 43.607741, 9.177626, -21.889388 ], "metric_value": 5.312014, "sequence": "EEDIPHLKYLTDQMTR" },
            { "label": "G", "chain_id": "A", "start": 193, "end": 214, "type": "H", "color": "s445", "start_vector": [ 48.204088, 1.019357, -20.856182 ], "end_vector": [ 64.475156, 4.154873, -48.585403 ], "metric_value": 13.592654, "sequence": "FAEAKEALYDYLIPIIEQRRQK" },
            { "label": "H", "chain_id": "A", "start": 219, "end": 225, "type": "H", "color": "s467", "start_vector": [ 57.246199, 12.992524, -43.903069 ], "end_vector": [ 67.069662, 11.979984, -39.586823 ], "metric_value": 15.244781, "sequence": "AISIVAN" },
            { "label": "I", "chain_id": "A", "start": 235, "end": 267, "type": "h", "color": "s532", "start_vector": [ 67.340093, 5.283827, -32.822177 ], "end_vector": [ 24.544268, 31.262749, -30.893676 ], "metric_value": 1.654333, "sequence": "SDEAKRMCGLLLVGGLDTVVNFLSFSMEFLAKS" },
            { "label": "J", "chain_id": "A", "start": 268, "end": 277, "type": "H", "color": "s554", "start_vector": [ 26.393316, 36.291285, -30.170463 ], "end_vector": [ 34.12922, 41.718072, -41.231452 ], "metric_value": 12.453454, "sequence": "PEHRQELIQR" },
            { "label": "K", "chain_id": "A", "start": 278, "end": 292, "type": "h", "color": "s597", "start_vector": [ 39.673092, 42.639409, -40.512431 ], "end_vector": [ 42.309725, 29.387654, -23.380669 ], "metric_value": 5.510261, "sequence": "PERIPAACEELLRRF" },
            { "label": "K'", "chain_id": "A", "start": 322, "end": 327, "type": "h", "color": "s727", "start_vector": [ 47.089626, 24.499303, -18.189279 ], "end_vector": [ 43.439388, 34.03087, -16.681165 ], "metric_value": 2.88785, "sequence": "QMLSGL" },
            { "label": "L", "chain_id": "A", "start": 360, "end": 378, "type": "H", "color": "s770", "start_vector": [ 53.488781, 26.511221, -35.017772 ], "end_vector": [ 28.955889, 32.297566, -44.774541 ], "metric_value": 3.911827, "sequence": "QHLARREIIVTLKEWLTRI" },
            { "label": "1-0", "chain_id": "A", "start": 23, "end": 23, "type": "B", "sheet_id": 1, "color": "s100", "start_vector": [ 44.595, 20.861, 1.468 ], "end_vector": [ 42.67, 20.246, 0.058 ], "metric_value": 7.767131, "sequence": "V" },
            { "label": "1-1", "chain_id": "A", "start": 53, "end": 56, "type": "E", "sheet_id": 1, "color": "s164", "start_vector": [ 48.494165, 27.251111, -3.944929 ], "end_vector": [ 45.042926, 15.430701, -3.30332 ], "metric_value": 8.59328, "sequence": "LVWT" },
            { "label": "1-2", "chain_id": "A", "start": 62, "end": 65, "type": "E", "sheet_id": 1, "color": "s186", "start_vector": [ 49.736697, 14.824028, -5.755934 ], "end_vector": [ 48.157454, 26.269263, -9.180315 ], "metric_value": 8.139816, "sequence": "HWIA" },
            { "label": "1-5", "chain_id": "A", "start": 81, "end": 82, "type": "E", "sheet_id": 1, "color": "s229", "start_vector": [ 62.156869, 21.580902, -11.187342 ], "end_vector": [ 60.825536, 18.328981, -15.578003 ], "metric_value": 8.359328, "sequence": "FS" },
            { "label": "3-1", "chain_id": "A", "start": 147, "end": 149, "type": "E", "sheet_id": 3, "color": "s337", "start_vector": [ 22.606362, 20.862652, -41.800001 ], "end_vector": [ 29.330513, 17.732274, -36.526777 ], "metric_value": 10.410038, "sequence": "QCN" },
            { "label": "5-1", "chain_id": "A", "start": 227, "end": 228, "type": "E", "sheet_id": 5, "color": "s489", "start_vector": [ 69.647565, 15.112392, -38.309465 ], "end_vector": [ 72.316911, 17.956756, -34.05922 ], "metric_value": 15.553248, "sequence": "QV" },
            { "label": "5-2", "chain_id": "A", "start": 231, "end": 232, "type": "E", "sheet_id": 5, "color": "s510", "start_vector": [ 75.43318, 15.388764, -35.801868 ], "end_vector": [ 71.702418, 11.439782, -36.122715 ], "metric_value": 9.885775, "sequence": "RP" },
            { "label": "6-1", "chain_id": "A", "start": 295, "end": 295, "type": "B", "sheet_id": 6, "color": "s618", "start_vector": [ 44.894, 22.657, -22.555 ], "end_vector": [ 46.378, 21.897, -20.71 ], "metric_value": 2.242576, "sequence": "V" },
            { "label": "1-4", "chain_id": "A", "start": 298, "end": 301, "type": "E", "sheet_id": 1, "color": "s640", "start_vector": [ 52.307742, 19.096421, -16.426881 ], "end_vector": [ 61.801385, 16.961376, -8.430304 ], "metric_value": 9.524025, "sequence": "GRIL" },
            { "label": "2-1", "chain_id": "A", "start": 305, "end": 307, "type": "E", "sheet_id": 2, "color": "s662", "start_vector": [ 62.560477, 22.072193, -1.773266 ], "end_vector": [ 57.350338, 28.636574, -2.31784 ], "metric_value": 3.299958, "sequence": "YEF" },
            { "label": "2-2", "chain_id": "A", "start": 310, "end": 312, "type": "E", "sheet_id": 2, "color": "s683", "start_vector": [ 55.5182, 26.729788, 1.538555 ], "end_vector": [ 58.350424, 19.311372, -1.229845 ], "metric_value": 3.524032, "sequence": "VQL" },
            { "label": "1-3", "chain_id": "A", "start": 317, "end": 319, "type": "E", "sheet_id": 1, "color": "s705", "start_vector": [ 55.148033, 15.635334, -7.639894 ], "end_vector": [ 50.38061, 21.451094, -12.691666 ], "metric_value": 5.904777, "sequence": "QIL" },
            { "label": "3-3", "chain_id": "A", "start": 382, "end": 383, "type": "E", "sheet_id": 3, "color": "s791", "start_vector": [ 23.370533, 27.862702, -35.539632 ], "end_vector": [ 22.022184, 23.72755, -32.611544 ], "metric_value": 18.434388, "sequence": "SI" },
            { "label": "4-1", "chain_id": "A", "start": 391, "end": 392, "type": "E", "sheet_id": 4, "color": "s835", "start_vector": [ 31.239959, 17.906248, -22.69147 ], "end_vector": [ 36.563091, 16.331241, -20.570699 ], "metric_value": 4.127376, "sequence": "HK" },
            { "label": "6-2", "chain_id": "A", "start": 396, "end": 396, "type": "B", "sheet_id": 6, "color": "s856", "start_vector": [ 44.465, 16.841, -22.524 ], "end_vector": [ 42.317, 17.575, -23.327 ], "metric_value": 3.858909, "sequence": "V" },
            { "label": "4-2", "chain_id": "A", "start": 398, "end": 399, "type": "E", "sheet_id": 4, "color": "s878", "start_vector": [ 38.343218, 18.261874, -24.628931 ], "end_vector": [ 33.282564, 16.729563, -26.970196 ], "metric_value": 2.649307, "sequence": "GV" },
            { "label": "3-2", "chain_id": "A", "start": 403, "end": 405, "type": "E", "sheet_id": 3, "color": "s900", "start_vector": [ 26.661917, 19.332447, -32.886427 ], "end_vector": [ 21.890499, 24.745306, -38.69851 ], "metric_value": 16.816944, "sequence": "PLV" }
        ],
        "beta_connectivity": [
            [ "1-0", "1-1", 1 ],
            [ "1-1", "1-2", -1 ],
            [ "1-2", "1-3", 1 ],
            [ "1-5", "1-4", -1 ],
            [ "3-1", "3-2", -1 ],
            [ "5-1", "5-2", -1 ],
            [ "6-1", "6-2", -1 ],
            [ "1-4", "1-3", -1 ],
            [ "2-1", "2-2", -1 ],
            [ "3-3", "3-2", -1 ],
            [ "4-1", "4-2", -1 ]
        ],
        "rotation_matrix": [
            -0.42609543645822917,
            -0.1569717701396029,
            -0.8909559710831458,
            46.558611646611666,
            -0.904371765411414,
            0.04827569784086172,
            0.42400609302770664,
            21.104444135020067,
            -0.023545465723014886,
            0.9864224857418945,
            -0.16253089142273494,
            -27.40571542123848,
            -15.733989360395505,
            -23.247702105327477,
            -13.437087803380562,
            1
        ]
    }
}
