{
    "1bu7": {
        "comment": "Helix info obtained by mixed method (for helices: geometrical method with RMSD limit 1 A (accepted types: H) with further division using geometrical method with RMSD limit 1 A (accepted types: H), for sheets: hydrogen-bond-based method (similar to DSSP).",
        "found": 36,
        "secondary_structure_elements": [
            { "label": "G0", "chain_id": "B", "start": 12, "end": 14, "type": "G" },
            { "label": "G1", "chain_id": "B", "start": 17, "end": 20, "type": "G" },
            { "label": "H2", "chain_id": "B", "start": 25, "end": 36, "type": "H" },
            { "label": "E3", "chain_id": "B", "start": 39, "end": 44, "type": "E", "sheet_id": 1 },
            { "label": "E4", "chain_id": "B", "start": 47, "end": 52, "type": "E", "sheet_id": 1 },
            { "label": "H5", "chain_id": "B", "start": 55, "end": 62, "type": "H" },
            { "label": "E6", "chain_id": "B", "start": 67, "end": 69, "type": "E", "sheet_id": 1 },
            { "label": "h7", "chain_id": "B", "start": 73, "end": 82, "type": "h" },
            { "label": "G8", "chain_id": "B", "start": 86, "end": 88, "type": "G" },
            { "label": "h9", "chain_id": "B", "start": 94, "end": 107, "type": "h" },
            { "label": "h10", "chain_id": "B", "start": 109, "end": 132, "type": "h" },
            { "label": "E11", "chain_id": "B", "start": 139, "end": 140, "type": "E", "sheet_id": 2 },
            { "label": "H12", "chain_id": "B", "start": 141, "end": 158, "type": "H" },
            { "label": "G13", "chain_id": "B", "start": 164, "end": 166, "type": "G" },
            { "label": "h14", "chain_id": "B", "start": 172, "end": 189, "type": "h" },
            { "label": "h15", "chain_id": "B", "start": 196, "end": 226, "type": "h" },
            { "label": "H16", "chain_id": "B", "start": 233, "end": 239, "type": "H" },
            { "label": "H17", "chain_id": "B", "start": 251, "end": 283, "type": "H" },
            { "label": "H18", "chain_id": "B", "start": 284, "end": 298, "type": "H" },
            { "label": "h19", "chain_id": "B", "start": 305, "end": 311, "type": "h" },
            { "label": "H20", "chain_id": "B", "start": 312, "end": 325, "type": "H" },
            { "label": "E21", "chain_id": "B", "start": 330, "end": 335, "type": "E", "sheet_id": 1 },
            { "label": "E22", "chain_id": "B", "start": 339, "end": 341, "type": "E", "sheet_id": 3 },
            { "label": "E23", "chain_id": "B", "start": 345, "end": 347, "type": "E", "sheet_id": 3 },
            { "label": "E24", "chain_id": "B", "start": 352, "end": 356, "type": "E", "sheet_id": 1 },
            { "label": "h25", "chain_id": "B", "start": 357, "end": 362, "type": "h" },
            { "label": "H26", "chain_id": "B", "start": 364, "end": 367, "type": "H" },
            { "label": "G27", "chain_id": "B", "start": 376, "end": 379, "type": "G" },
            { "label": "G28", "chain_id": "B", "start": 382, "end": 385, "type": "G" },
            { "label": "G29", "chain_id": "B", "start": 396, "end": 398, "type": "G" },
            { "label": "H30", "chain_id": "B", "start": 403, "end": 420, "type": "H" },
            { "label": "E31", "chain_id": "B", "start": 421, "end": 424, "type": "E", "sheet_id": 4 },
            { "label": "E32", "chain_id": "B", "start": 433, "end": 435, "type": "E", "sheet_id": 5 },
            { "label": "E33", "chain_id": "B", "start": 439, "end": 441, "type": "E", "sheet_id": 5 },
            { "label": "E34", "chain_id": "B", "start": 445, "end": 446, "type": "E", "sheet_id": 2 },
            { "label": "E35", "chain_id": "B", "start": 447, "end": 450, "type": "E", "sheet_id": 4 }
        ],
        "beta_connectivity": [
            [ "E3", "E4", -1 ],
            [ "E4", "E24", 1 ],
            [ "E6", "E21", -1 ],
            [ "E11", "E34", -1 ],
            [ "E21", "E24", -1 ],
            [ "E22", "E23", -1 ],
            [ "E31", "E35", -1 ],
            [ "E32", "E33", -1 ]
        ]
    }
}
