{
    "1bu7": {
        "comment": "Automatic annotation for 1bu7 based on 2nnj template. Program was called with these parameters: examples/ 2nnj,A 1bu7,B,:  Total value of used metric: 159.95",
        "found": 29,
        "total_metric_value": 159.95257499999997,
        "secondary_structure_elements": [
            { "label": "A'", "chain_id": "B", "start": 17, "end": 20, "type": "G", "color": "s121", "start_vector": [ 40.307538, 11.529482, -2.771508 ], "end_vector": [ 36.125839, 12.567065, -7.966167 ], "metric_value": 5.284904, "sequence": "LPLL" },
            { "label": "A", "chain_id": "B", "start": 25, "end": 36, "type": "H", "color": "s143", "start_vector": [ 37.817373, 16.915645, -16.209127 ], "end_vector": [ 38.730277, 28.870442, -3.318027 ], "metric_value": 4.425124, "sequence": "PVQALMKIADEL" },
            { "label": "B", "chain_id": "B", "start": 55, "end": 62, "type": "H", "color": "s208", "start_vector": [ 48.962913, 34.342015, -9.789645 ], "end_vector": [ 59.606632, 29.421173, -13.05178 ], "metric_value": 6.729764, "sequence": "QRLIKEAC" },
            { "label": "B'", "chain_id": "B", "start": 73, "end": 82, "type": "h", "color": "s251", "start_vector": [ 50.529645, 11.189158, -16.627888 ], "end_vector": [ 56.220671, 5.705138, -28.143378 ], "metric_value": 8.800346, "sequence": "QALKFVRDFA" },
            { "label": "B''", "chain_id": "B", "start": 86, "end": 88, "type": "G", "color": "s272", "start_vector": [ 58.357878, 14.733938, -29.106886 ], "end_vector": [ 58.963874, 15.140222, -24.204952 ], "metric_value": 2.318735, "sequence": "LFT" },
            { "label": "C", "chain_id": "B", "start": 94, "end": 107, "type": "h", "color": "s294", "start_vector": [ 69.763611, 13.573614, -25.324329 ], "end_vector": [ 61.578386, 27.699841, -38.872348 ], "metric_value": 5.211459, "sequence": "KNWKKAHNILLPSF" },
            { "label": "D", "chain_id": "B", "start": 109, "end": 132, "type": "h", "color": "s316", "start_vector": [ 59.747971, 29.812567, -42.220636 ], "end_vector": [ 27.73019, 19.692646, -52.099181 ], "metric_value": 9.728771, "sequence": "QQAMKGYHAMMVDIAVQLVQKWER" },
            { "label": "E", "chain_id": "B", "start": 141, "end": 158, "type": "H", "color": "s359", "start_vector": [ 31.700652, 18.32296, -34.926157 ], "end_vector": [ 55.573777, 16.888282, -45.761813 ], "metric_value": 1.90462, "sequence": "VPEDMTRLTLDTIGLCGF" },
            { "label": "F", "chain_id": "B", "start": 172, "end": 189, "type": "h", "color": "s381", "start_vector": [ 45.308332, 5.932202, -41.83843 ], "end_vector": [ 44.464482, 4.422479, -14.323708 ], "metric_value": 12.616926, "sequence": "PFITSMVRALDEAMNKLQ" },
            { "label": "G", "chain_id": "B", "start": 196, "end": 226, "type": "h", "color": "s445", "start_vector": [ 41.547357, -9.083172, -18.15424 ], "end_vector": [ 65.211326, 10.241559, -54.352055 ], "metric_value": 6.81737, "sequence": "PAYDENKRQFQEDIKVMNDLVDKIIADRKAS" },
            { "label": "H", "chain_id": "B", "start": 233, "end": 239, "type": "H", "color": "s467", "start_vector": [ 58.786609, 17.976699, -44.311493 ], "end_vector": [ 69.226404, 16.718566, -41.998712 ], "metric_value": 13.158148, "sequence": "LLTHMLN" },
            { "label": "I", "chain_id": "B", "start": 251, "end": 283, "type": "H", "color": "s532", "start_vector": [ 66.230786, 6.210801, -35.977794 ], "end_vector": [ 25.816667, 32.963144, -30.167197 ], "metric_value": 2.538004, "sequence": "DENIRYQIITFLIAGHETTSGLLSFALYFLVKN" },
            { "label": "J", "chain_id": "B", "start": 284, "end": 298, "type": "H", "color": "s554", "start_vector": [ 27.231914, 37.992163, -30.910114 ], "end_vector": [ 39.621654, 40.909664, -48.874425 ], "metric_value": 2.109503, "sequence": "PHVLQKAAEEAARVL" },
            { "label": "J'", "chain_id": "B", "start": 305, "end": 311, "type": "h", "color": "s575", "start_vector": [ 49.170168, 35.470128, -48.53737 ], "end_vector": [ 44.35018, 40.382813, -38.570131 ], "metric_value": 3.799651, "sequence": "YKQVKQL" },
            { "label": "K", "chain_id": "B", "start": 312, "end": 325, "type": "H", "color": "s597", "start_vector": [ 41.174127, 40.480063, -38.112984 ], "end_vector": [ 40.62926, 28.496858, -22.096896 ], "metric_value": 2.389985, "sequence": "KYVGMVLNEALRLW" },
            { "label": "K'", "chain_id": "B", "start": 357, "end": 362, "type": "h", "color": "s727", "start_vector": [ 44.07815, 25.370647, -16.271604 ], "end_vector": [ 42.208534, 34.532222, -15.176657 ], "metric_value": 1.546348, "sequence": "IPQLHR" },
            { "label": "K''", "chain_id": "B", "start": 376, "end": 379, "type": "G", "color": "s748", "start_vector": [ 36.149621, 39.92265, -26.827765 ], "end_vector": [ 43.196067, 43.127765, -26.687056 ], "metric_value": 3.604576, "sequence": "PERF" },
            { "label": "L", "chain_id": "B", "start": 403, "end": 420, "type": "H", "color": "s770", "start_vector": [ 54.181609, 26.777415, -33.653677 ], "end_vector": [ 30.913306, 32.90482, -46.236214 ], "metric_value": 1.066302, "sequence": "QQFALHEATLVLGMMLKH" },
            { "label": "1-1", "chain_id": "B", "start": 39, "end": 44, "type": "E", "sheet_id": 1, "color": "s164", "start_vector": [ 46.811266, 28.096115, -4.334378 ], "end_vector": [ 46.840298, 9.062884, -3.224068 ], "metric_value": 2.275178, "sequence": "IFKFEA" },
            { "label": "1-2", "chain_id": "B", "start": 47, "end": 52, "type": "E", "sheet_id": 1, "color": "s186", "start_vector": [ 52.053712, 9.619662, -4.09043 ], "end_vector": [ 47.908513, 27.436836, -9.458104 ], "metric_value": 1.192877, "sequence": "RVTRYL" },
            { "label": "1-5", "chain_id": "B", "start": 67, "end": 69, "type": "E", "sheet_id": 1, "color": "s229", "start_vector": [ 62.713824, 25.415433, -12.08062 ], "end_vector": [ 58.995434, 19.161007, -17.15422 ], "metric_value": 11.489761, "sequence": "FDK" },
            { "label": "1-4", "chain_id": "B", "start": 330, "end": 335, "type": "E", "sheet_id": 1, "color": "s640", "start_vector": [ 46.798654, 21.087229, -19.543681 ], "end_vector": [ 63.008544, 20.453397, -9.19332 ], "metric_value": 17.737569, "sequence": "AFSLYA" },
            { "label": "2-1", "chain_id": "B", "start": 339, "end": 341, "type": "E", "sheet_id": 2, "color": "s662", "start_vector": [ 63.60696, 25.398105, -2.565517 ], "end_vector": [ 56.565843, 30.771503, -3.208931 ], "metric_value": 4.620194, "sequence": "TVL" },
            { "label": "2-2", "chain_id": "B", "start": 345, "end": 347, "type": "E", "sheet_id": 2, "color": "s683", "start_vector": [ 55.538144, 28.643049, 1.119931 ], "end_vector": [ 60.27538, 21.839479, -1.535959 ], "metric_value": 3.41854, "sequence": "YPL" },
            { "label": "1-3", "chain_id": "B", "start": 352, "end": 356, "type": "E", "sheet_id": 1, "color": "s705", "start_vector": [ 56.726293, 18.452849, -7.625807 ], "end_vector": [ 45.965149, 25.881626, -15.885493 ], "metric_value": 5.522798, "sequence": "ELMVL" },
            { "label": "3-3", "chain_id": "B", "start": 421, "end": 424, "type": "E", "sheet_id": 3, "color": "s791", "start_vector": [ 29.691793, 31.636062, -45.692437 ], "end_vector": [ 23.320774, 28.198917, -36.15114 ], "metric_value": 2.053663, "sequence": "FDFE" },
            { "label": "4-1", "chain_id": "B", "start": 433, "end": 435, "type": "E", "sheet_id": 4, "color": "s835", "start_vector": [ 32.06163, 19.181499, -23.096659 ], "end_vector": [ 39.516462, 14.52982, -22.196021 ], "metric_value": 7.364207, "sequence": "IKE" },
            { "label": "4-2", "chain_id": "B", "start": 439, "end": 441, "type": "E", "sheet_id": 4, "color": "s878", "start_vector": [ 41.058156, 19.190472, -24.784278 ], "end_vector": [ 32.430398, 19.345393, -27.855345 ], "metric_value": 5.669546, "sequence": "LKP" },
            { "label": "3-2", "chain_id": "B", "start": 447, "end": 450, "type": "E", "sheet_id": 3, "color": "s900", "start_vector": [ 24.75166, 23.697662, -38.891392 ], "end_vector": [ 26.06237, 30.489316, -48.737197 ], "metric_value": 4.557706, "sequence": "KAKS" }
        ],
        "beta_connectivity": [
            [ "1-1", "1-2", -1 ],
            [ "1-2", "1-3", 1 ],
            [ "1-5", "1-4", -1 ],
            [ "1-4", "1-3", -1 ],
            [ "2-1", "2-2", -1 ],
            [ "3-3", "3-2", -1 ],
            [ "4-1", "4-2", -1 ]
        ],
        "rotation_matrix": [
            -0.955012457527149,
            0.19712853591633586,
            0.22156612172314838,
            47.11623809022728,
            0.2755983485672837,
            0.3139937660436308,
            0.9085446962878185,
            20.98142923383076,
            0.10952970480623653,
            0.9287347604204441,
            -0.35419625711156105,
            -28.102988189077525,
            -35.09372644941761,
            -118.44997177483899,
            -52.1468089211662,
            1
        ]
    }
}
